 Name,Label,sex,Group,,CT,CT_ Mean,CT_ SD,Delta_CT,Delta_CT_mean,Delta_CT_SE,Level,Fold,Tissue
Mito DLoop,90245,F,Ctrl,1,18.61545181,18.56106949,0.076906875,-7.248556137,-7.220796585,0.027759552,149.1682397,0.975419411,LUNG
Mito DLoop,90248,F,Ctrl,2,18.47078896,18.50584793,0.04958088,-7.1367836,-7.193236351,0.056452751,146.3456802,0.956962538,LUNG
Mito DLoop,90252,F,Ctrl,3,18.32169914,18.2531929,0.096883804,-7.342403412,-7.557402611,0.214999199,188.3670234,1.231742437,LUNG
Mito DLoop,90265,F,Ctrl,4,18.10186195,18.03726578,0.091351442,-7.159408569,-7.285561562,0.126152992,156.0172308,1.020205345,LUNG
Mito DLoop,90266,F,Ctrl,5,18.62310028,18.59688759,0.037070345,-6.923112869,-6.962759972,0.039647102,124.7382377,0.81567027,LUNG
Mito DLoop,90217,M,Ctrl,6,18.54219246,18.57045555,0.039970048,-7.165071487,-7.116865158,0.048206329,138.8001347,0.897236934,LUNG
Mito DLoop,90229,M,Ctrl,7,18.29569626,18.3327179,0.0523565,-7.110523224,-7.08098793,0.029535294,135.3909906,0.87519942,LUNG
Mito DLoop,90232,M,Ctrl,8,18.18006897,18.2026062,0.03187111,-7.3066082,-7.276192665,0.030415535,155.0073339,1.002004107,LUNG
Mito DLoop,90237,M,Ctrl,9,18.0635643,18.05924606,0.006105561,-7.677026749,-7.58877182,0.088254929,192.5076303,1.244414902,LUNG
Mito DLoop,90239,M,Ctrl,10,18.38310242,18.49442673,0.157437697,-7.412887573,-7.24584198,0.167045593,151.7804303,0.981144638,LUNG
Mito DLoop,90559,F,1w,11,18.28017426,18.30323792,0.032616939,-7.31054306,-7.311386108,0.000843048,158.8351175,1.038631662,LUNG
Mito DLoop,90560,F,1w,12,18.8566761,18.82501602,0.044774115,-7.040727615,-7.109550476,0.068822861,138.0981781,0.903031663,LUNG
Mito DLoop,90564,F,1w,13,18.65747643,18.66877747,0.015982086,-7.159154892,-7.01091671,0.148238182,128.9722353,0.843356615,LUNG
Mito DLoop,90567,F,1w,14,18.59909248,18.56175041,0.052809663,-7.088039398,-7.080983162,0.007056236,135.3905432,0.885326287,LUNG
Mito DLoop,90571,F,1w,15,18.49464035,18.4560318,0.054600738,-7.184770584,-7.28424263,0.099472046,155.8746629,1.019273085,LUNG
Mito DLoop,90421,M,1w,16,18.34536743,18.50771332,0.229590401,-7.221244812,-7.116015434,0.105229378,138.7184078,0.896708632,LUNG
Mito DLoop,90422,M,1w,17,18.61570549,18.61017227,0.007826502,-6.973182678,-6.863476753,0.109705925,116.4427296,0.752713374,LUNG
Mito DLoop,90423,M,1w,18,18.7830143,18.85542488,0.102404028,-6.851949692,-6.813500404,0.038449287,112.4781066,0.727085112,LUNG
Mito DLoop,90426,M,1w,19,18.39529228,18.34490967,0.07125178,-6.889625549,-7.021482468,0.131856918,129.9202468,0.839835236,LUNG
Mito DLoop,90430,M,1w,20,18.77634048,18.84414673,0.095891163,-6.770683289,-6.788074493,0.017391205,110.5131697,0.714383295,LUNG
Mito DLoop,90251,F,8w,21,18.38678169,18.41574478,0.040959992,-7.181192398,-7.027276039,0.153916359,130.4430292,0.852974219,LUNG
Mito DLoop,90254,F,8w,22,18.46767235,18.4589119,0.01238915,-7.339899063,-7.380091667,0.040192604,166.5823416,1.089291191,LUNG
Mito DLoop,90258,F,8w,23,18.34020996,18.37001801,0.04215629,-7.349632263,-7.294289589,0.055342674,156.9639659,1.026396098,LUNG
Mito DLoop,90259,F,8w,24,18.70299911,18.63534164,0.095680766,-7.090646744,-7.091657639,0.001010895,136.3960107,0.891901095,LUNG
Mito DLoop,90267,F,8w,25,17.99086189,17.92409706,0.094419733,-7.164241791,-7.212356567,0.048114777,148.2981271,0.969729696,LUNG
Mito DLoop,90218,M,8w,26,18.6606884,18.67163467,0.015480369,-7.060668945,-7.084075928,0.023406982,135.6810969,0.877074735,LUNG
Mito DLoop,90222,M,8w,27,18.62521744,18.62045479,0.006735404,-7.203205109,-7.209944725,0.006739616,148.0504151,0.957032936,LUNG
Mito DLoop,90223,M,8w,28,18.86798096,18.9258461,0.081835017,-7.080034256,-6.989438057,0.090596199,127.0663363,0.821386883,LUNG
Mito DLoop,90225,M,8w,29,18.74614716,18.61525726,0.185106263,-6.991909027,-7.083246231,0.091337204,135.6030888,0.876570472,LUNG
Mito DLoop,90227,M,8w,30,18.20226288,18.23208046,0.042168427,-7.318145752,-7.371048927,0.052903175,165.5414773,1.070099304,LUNG
Mito DLoop,90245,F,Ctrl,1,16.18463516,16.05464935,0.183828369,-9.710840225,-9.809400558,0.098559856,897.2713638,0.965790597,SKM-GN
Mito DLoop,90248,F,Ctrl,2,15.68985558,15.71502495,0.035595544,-9.755342484,-9.80264473,0.047302723,893.0794586,0.961278581,SKM-GN
Mito DLoop,90252,F,Ctrl,3,15.46435738,15.47627449,0.016852669,-10.08399963,-10.07048988,0.013509274,1075.274944,1.157387242,SKM-GN
Mito DLoop,90265,F,Ctrl,4,15.56893158,15.55297089,0.022571154,-9.738231659,-9.87623024,0.137998104,939.8132124,1.011581111,SKM-GN
Mito DLoop,90266,F,Ctrl,5,15.83723545,15.87818527,0.057912469,-9.740643501,-9.713953018,0.02669096,839.8297113,0.90396247,SKM-GN
Mito DLoop,90217,M,Ctrl,6,15.46600151,15.44197464,0.033978451,-10.14454651,-10.04921913,0.095327854,1059.537645,1.103903999,SKM-GN
Mito DLoop,90229,M,Ctrl,7,15.72051811,15.79563141,0.106226243,-9.853965759,-9.743515968,0.110449791,857.2165943,0.893111095,SKM-GN
Mito DLoop,90232,M,Ctrl,8,15.99980164,15.97002983,0.042104363,-9.83495903,-9.825418472,0.009541035,907.2890723,0.945280274,SKM-GN
Mito DLoop,90237,M,Ctrl,9,15.6586504,15.6421833,0.023288663,-9.888810158,-9.936113358,0.047303677,979.6437249,1.020664656,SKM-GN
Mito DLoop,90239,M,Ctrl,10,15.48426247,15.47010803,0.020016719,-9.950868607,-9.959075928,0.008206844,995.3609153,1.037039977,SKM-GN
Mito DLoop,90559,F,1w,11,15.86113358,15.99118328,0.183918059,-9.817811966,-9.677417755,0.140394211,818.8286407,0.881357673,SKM-GN
Mito DLoop,90560,F,1w,12,16.25876045,16.26832581,0.013527453,-9.501836777,-9.385285378,0.116551399,668.732479,0.719799568,SKM-GN
Mito DLoop,90564,F,1w,13,16.04118919,16.09038353,0.069571294,-9.93828392,-9.898697853,0.039586067,954.5638247,1.027458139,SKM-GN
Mito DLoop,90567,F,1w,14,16.53430748,16.47068024,0.08998251,-9.5418396,-9.564515114,0.022675514,757.1918717,0.815014074,SKM-GN
Mito DLoop,90571,F,1w,15,15.9150877,16.0112114,0.135940105,-10.00250149,-9.843833923,0.158667088,918.944501,0.989118781,SKM-GN
Mito DLoop,90421,M,1w,16,15.75725842,15.78070354,0.033156421,-9.867260933,-9.769965172,0.097295761,873.0770519,0.909635683,SKM-GN
Mito DLoop,90422,M,1w,17,15.87177563,15.84246826,0.041446198,-9.676306725,-9.811258316,0.134951115,898.4275239,0.936047663,SKM-GN
Mito DLoop,90423,M,1w,18,15.7500124,15.74830723,0.002411474,-10.16483974,-9.993245125,0.17159462,1019.216713,1.061894696,SKM-GN
Mito DLoop,90426,M,1w,19,15.3091917,15.32446194,0.02159537,-10.15478039,-10.12215233,0.032628059,1114.477927,1.161144813,SKM-GN
Mito DLoop,90430,M,1w,20,16.48940849,16.49311256,0.005238348,-9.703662872,-9.723837852,0.02017498,845.6036844,0.881011914,SKM-GN
Mito DLoop,90251,F,8w,21,15.42840004,15.40639114,0.031125279,-10.19060707,-10.08877945,0.101827621,1088.993366,1.172153258,SKM-GN
Mito DLoop,90254,F,8w,22,15.61765385,15.75681973,0.196810275,-10.03446293,-9.929536819,0.104926109,975.1881733,1.049657445,SKM-GN
Mito DLoop,90258,F,8w,23,15.41098785,15.42149353,0.01485727,-10.39631081,-10.40446854,0.00815773,1355.367659,1.458868958,SKM-GN
Mito DLoop,90259,F,8w,24,15.65474415,15.73835564,0.118245177,-10.32249355,-10.25552559,0.066968441,1222.421061,1.315770026,SKM-GN
Mito DLoop,90267,F,8w,25,14.86647606,15.01493645,0.209954023,-10.59538078,-10.47010612,0.125275135,1418.456433,1.526775444,SKM-GN
Mito DLoop,90218,M,8w,26,15.36660671,15.26029587,0.150346234,-10.2580595,-10.35488987,0.096830368,1309.581263,1.364417772,SKM-GN
Mito DLoop,90222,M,8w,27,15.12434196,15.35131454,0.320988387,-10.50845337,-10.3006134,0.207840443,1261.228013,1.314039811,SKM-GN
Mito DLoop,90223,M,8w,28,15.09414291,15.06938076,0.035018973,-10.6126709,-10.59943962,0.013231277,1551.491009,1.616457081,SKM-GN
Mito DLoop,90225,M,8w,29,15.27817249,15.26832962,0.013919924,-10.51361179,-10.4503355,0.063276291,1399.150561,1.457737634,SKM-GN
Mito DLoop,90227,M,8w,30,15.07011318,15.06873894,0.001942801,-10.32518864,-10.39182281,0.066633701,1343.539307,1.399797753,SKM-GN
MitoDLoop,90245,F,Ctrl,1,15.13966274,15.07082939,0.097345732,-11.74590206,-11.77698898,0.031087399,3509.352088,0.994544116,SKM-VL
MitoDLoop,90248,F,Ctrl,2,15.25691032,15.30813789,0.072447397,-11.68901062,-11.80769539,0.118685246,3584.845901,1.015938927,SKM-VL
MitoDLoop,90252,F,Ctrl,3,15.21587753,15.19767189,0.025745992,-11.77877426,-11.7847538,0.005979061,3528.290905,0.999911343,SKM-VL
MitoDLoop,90265,F,Ctrl,4,14.91600227,14.9216423,0.007976207,-12.06337929,-11.95646667,0.106912613,3974.249344,1.126295168,SKM-VL
MitoDLoop,90266,F,Ctrl,5,15.92331696,15.8689518,0.076883942,-11.58698082,-11.57283306,0.014147758,3046.28047,0.863310446,SKM-VL
MitoDLoop,90217,M,Ctrl,6,15.59736729,15.64046955,0.060955808,-11.4707098,-11.39131069,0.079399109,2686.124934,0.838640118,SKM-VL
MitoDLoop,90229,M,Ctrl,7,15.6660614,15.70972919,0.061755586,-11.58430099,-11.55058289,0.033718109,2999.6592,0.936529241,SKM-VL
MitoDLoop,90232,M,Ctrl,8,16.16021729,16.15212822,0.011439666,-11.45088577,-11.45812702,0.007241249,2813.454705,0.878393986,SKM-VL
MitoDLoop,90237,M,Ctrl,9,15.22779942,15.11294556,0.162427217,-11.78749752,-11.89889526,0.11139822,3818.777804,1.192267801,SKM-VL
MitoDLoop,90239,M,Ctrl,10,15.48553658,15.49702263,0.016243057,-11.850811,-11.85204124,0.001229763,3696.748663,1.154168854,SKM-VL
MitoDLoop,90559,F,1w,11,14.94545269,14.9304924,0.021157043,-11.60106754,-11.61290169,0.011834145,3132.072055,0.887623628,SKM-VL
MitoDLoop,90560,F,1w,12,15.28640556,15.37636948,0.127228186,-11.76230812,-11.71073341,0.051574707,3351.830347,0.949902736,SKM-VL
MitoDLoop,90564,F,1w,13,15.31026649,15.27368546,0.051734075,-11.51794815,-11.5976963,0.079748631,3099.234716,0.878317585,SKM-VL
MitoDLoop,90567,F,1w,14,15.24212742,15.28885078,0.066076145,-11.65809345,-11.55392265,0.104171276,3006.611306,0.852068276,SKM-VL
MitoDLoop,90571,F,1w,15,15.15686798,15.13558769,0.030094873,-11.34931183,-11.42605114,0.076739311,2751.592551,0.779796416,SKM-VL
MitoDLoop,90421,M,1w,16,15.43033695,15.50344181,0.103385881,-11.85923481,-11.84558201,0.013652802,3680.234571,1.149012958,SKM-VL
MitoDLoop,90422,M,1w,17,15.37907028,15.32471848,0.076864384,-11.42881584,-11.48665237,0.057836056,2869.636677,0.895934665,SKM-VL
MitoDLoop,90423,M,1w,18,15.01146221,15.02614498,0.020764573,-11.7668581,-11.83784294,0.07098484,3660.545499,1.142865796,SKM-VL
MitoDLoop,90426,M,1w,19,15.71148109,15.94315529,0.327636778,-11.2917347,-11.37292862,0.081193924,2652.116839,0.828022387,SKM-VL
MitoDLoop,90430,M,1w,20,15.14602661,15.28275871,0.19336772,-11.86329651,-11.74730492,0.115992069,3437.88344,1.073348056,SKM-VL
MitoDLoop,90251,F,8w,21,14.80943775,14.8526783,0.061150692,-12.2006979,-12.10668564,0.094012737,4410.375077,1.249892422,SKM-VL
MitoDLoop,90254,F,8w,22,14.78061867,14.82086468,0.056916453,-12.32619858,-12.34453297,0.018334389,5200.854516,1.473912884,SKM-VL
MitoDLoop,90258,F,8w,23,14.49591827,14.52467728,0.040671371,-12.42767334,-12.41560459,0.012068748,5463.480487,1.548340615,SKM-VL
MitoDLoop,90259,F,8w,24,15.03470516,15.0292778,0.007675447,-12.02083492,-12.07492161,0.054086685,4314.332368,1.22267409,SKM-VL
MitoDLoop,90267,F,8w,25,14.79946423,14.83031559,0.043630417,-12.12926579,-12.14824295,0.018977165,4539.264847,1.286419553,SKM-VL
MitoDLoop,90218,M,8w,26,15.18132401,15.22704506,0.064658657,-12.25831795,-12.14225197,0.116065502,4520.454033,1.411339457,SKM-VL
MitoDLoop,90222,M,8w,27,15.29154301,15.33797836,0.065668836,-11.69092846,-11.64591599,0.045011997,3204.572035,1.000505463,SKM-VL
MitoDLoop,90223,M,8w,28,14.81234741,14.82486725,0.017705722,-12.14458275,-12.11012268,0.034460068,4420.894775,1.380255873,SKM-VL
MitoDLoop,90225,M,8w,29,14.93146133,14.82919502,0.144627079,-11.95993996,-12.03437805,0.074437618,4194.775982,1.3096589,SKM-VL
MitoDLoop,90227,M,8w,30,14.92958069,14.93070602,0.001590791,-11.73377991,-11.87391281,0.140133381,3753.219137,1.171799607,SKM-VL
MitoDLoop,90245,F,Ctrl,1,17.88847923,17.86413956,0.0344215,-10.40428352,-10.36913967,0.035143852,1322.580363,1.118218179,LIVER
MitoDLoop,90248,F,Ctrl,2,16.49846077,16.53819656,0.056193549,-10.31548882,-10.41052723,0.095038414,1361.071583,1.150761821,LIVER
MitoDLoop,90252,F,Ctrl,3,17.75093079,17.78694725,0.05093497,-9.905618668,-9.938651085,0.033032417,981.3684528,0.829729576,LIVER
MitoDLoop,90265,F,Ctrl,4,17.84019279,17.83545303,0.006704384,-10.17417336,-10.16624546,0.007927895,1149.06561,0.971514541,LIVER
MitoDLoop,90266,F,Ctrl,5,17.82152748,17.84526634,0.033571821,-10.1442318,-10.10289288,0.041338921,1099.69892,0.929775882,LIVER
MitoDLoop,90217,M,Ctrl,6,17.44862747,17.47290039,0.03432709,-10.23965645,-10.22203827,0.017618179,1194.373436,1.130170702,LIVER
MitoDLoop,90229,M,Ctrl,7,17.21821976,17.22909164,0.015373821,-10.17926216,-10.09724045,0.082021713,1095.398768,1.03651635,LIVER
MitoDLoop,90232,M,Ctrl,8,17.15928078,17.16637802,0.010037019,-9.639326096,-9.717134476,0.07780838,841.6837627,0.796439623,LIVER
MitoDLoop,90237,M,Ctrl,9,17.42147636,17.44065094,0.027116945,-9.964208603,-9.961919785,0.002288818,997.3249171,0.943714393,LIVER
MitoDLoop,90239,M,Ctrl,10,17.06904793,17.0593586,0.013702784,-10.19395447,-10.17400074,0.019953728,1155.259101,1.093158932,LIVER
MitoDLoop,90559,F,1w,11,17.84714127,17.86117554,0.019848805,-10.31728554,-10.26060104,0.056684494,1226.729157,1.037177689,LIVER
MitoDLoop,90560,F,1w,12,16.43843842,16.47584915,0.05290677,-10.48435593,-10.46883392,0.015522003,1417.206157,1.198222606,LIVER
MitoDLoop,90564,F,1w,13,19.40825844,19.3783741,0.042262837,-11.12225914,-11.13866901,0.016409874,2254.620674,1.906241689,LIVER
MitoDLoop,90567,F,1w,14,17.35433769,17.36697197,0.017867567,-10.12528992,-10.10186768,0.023422241,1098.917736,0.929115405,LIVER
MitoDLoop,90571,F,1w,15,16.64901733,16.59688187,0.073729336,-10.067276,-10.21393108,0.146655083,1187.68051,1.004162753,LIVER
MitoDLoop,90421,M,1w,16,17.9594574,18.00711632,0.067399889,-9.922859192,-9.882354736,0.040504456,943.8113667,0.893077427,LIVER
MitoDLoop,90422,M,1w,17,17.7462883,17.77417374,0.039435964,-9.823272705,-9.798938751,0.024333954,890.7882705,0.842904551,LIVER
MitoDLoop,90423,M,1w,18,17.87378502,17.89300537,0.027181683,-10.42667961,-10.45086288,0.024183273,1399.662119,1.324424231,LIVER
MitoDLoop,90426,M,1w,19,18.77733421,18.79301453,0.022173963,-10.42538834,-10.52278328,0.097394943,1471.205721,1.392122055,LIVER
MitoDLoop,90430,M,1w,20,18.28652191,18.27050018,0.022656797,-10.54927444,-10.51854324,0.030731201,1466.88824,1.388036658,LIVER
MitoDLoop,90251,F,8w,21,17.06653595,17.0836525,0.024205104,-10.44151878,-10.33866978,0.102849007,1294.940214,1.094848925,LIVER
MitoDLoop,90254,F,8w,22,17.46292305,17.41237259,0.071489148,-10.17892838,-10.2600584,0.081130028,1226.267834,1.036787649,LIVER
MitoDLoop,90258,F,8w,23,17.16729164,17.22247505,0.078041129,-10.46896935,-10.37219143,0.096777916,1325.381001,1.120586069,LIVER
MitoDLoop,90259,F,8w,24,17.16615105,17.17183876,0.008043642,-10.32313156,-10.26914883,0.053982735,1234.018944,1.043341074,LIVER
MitoDLoop,90267,F,8w,25,16.58104706,16.59228134,0.015889024,-10.16565323,-10.20339966,0.037746429,1179.042214,0.996859227,LIVER
MitoDLoop,90218,M,8w,26,17.25991631,17.24030685,0.0277333,-9.943210602,-9.963481903,0.020271301,998.4053834,0.944736779,LIVER
MitoDLoop,90222,M,8w,27,17.68681335,17.75314713,0.093811467,-9.755052567,-9.695960999,0.059091568,829.4211343,0.784836164,LIVER
MitoDLoop,90223,M,8w,28,17.20462418,17.167099,0.053069964,-10.14749146,-10.13858891,0.00890255,1127.247742,1.066653305,LIVER
MitoDLoop,90225,M,8w,29,17.41821861,17.40723801,0.015528922,-10.07617188,-10.15891171,0.08273983,1143.239303,1.08178525,LIVER
MitoDLoop,90227,M,8w,30,16.96113396,16.97837067,0.024376389,-10.04191399,-10.12826824,0.086354256,1119.212482,1.059049974,LIVER
Mito DLoop,90245,F,Ctrl,1,14.70906353,14.7023201,0.009535978,-11.05907345,-11.03193855,0.027134418,2093.844448,0.927757384,CORTEX
Mito DLoop,90248,F,Ctrl,2,14.47080135,14.51074791,0.056492962,-11.27030468,-11.31892204,0.048617363,2554.671444,1.131944304,CORTEX
Mito DLoop,90252,F,Ctrl,3,15.08366776,15.10982513,0.036991447,-11.06886673,-11.05361557,0.015250683,2125.542765,0.941802529,CORTEX
Mito DLoop,90265,F,Ctrl,4,14.78847504,14.7765522,0.016860763,-10.99617958,-11.1064949,0.110314846,2204.896016,0.976963003,CORTEX
Mito DLoop,90266,F,Ctrl,5,15.09101105,15.09043789,0.000810568,-11.20808792,-11.17085457,0.037233353,2305.485007,1.02153278,CORTEX
Mito DLoop,90217,M,Ctrl,6,16.97108078,16.9361515,0.049397454,-10.53481293,-10.50033092,0.034482002,1448.486903,0.710369827,CORTEX
Mito DLoop,90229,M,Ctrl,7,15.14713764,15.15679836,0.013662322,-11.19831753,-11.09779644,0.100521088,2191.641999,1.074829426,CORTEX
Mito DLoop,90232,M,Ctrl,8,15.26713848,15.27442169,0.010299341,-11.12435436,-11.13149643,0.007142544,2243.439292,1.100231958,CORTEX
Mito DLoop,90237,M,Ctrl,9,15.01283836,14.99946213,0.018917529,-11.00645065,-11.01704216,0.010591984,2072.335915,1.0163191,CORTEX
Mito DLoop,90239,M,Ctrl,10,14.83319378,14.96948814,0.192750007,-11.1795969,-11.12889481,0.050701618,2239.397325,1.098249689,CORTEX
Mito DLoop,90559,F,1w,11,14.68483639,14.57430458,0.156314909,-11.02057171,-11.12854576,0.107973576,2238.855592,0.992010085,CORTEX
Mito DLoop,90560,F,1w,12,15.02149487,15.08431435,0.088840835,-11.16754818,-11.01119232,0.156355381,2063.950023,0.914511523,CORTEX
Mito DLoop,90564,F,1w,13,14.84940338,14.81099319,0.054320883,-11.03321266,-11.04785919,0.014646053,2117.078709,0.938052207,CORTEX
Mito DLoop,90567,F,1w,14,15.02869129,15.06513882,0.051544584,-11.25848866,-11.15648937,0.101999283,2282.642754,1.011411651,CORTEX
Mito DLoop,90571,F,1w,15,14.77569199,14.79656029,0.02951156,-11.23620224,-11.2137146,0.022487164,2375.004612,1.052336084,CORTEX
Mito DLoop,90421,M,1w,16,14.80530548,14.88313293,0.110065311,-10.85330582,-10.8287487,0.024556637,1818.771646,0.891965607,CORTEX
Mito DLoop,90422,M,1w,17,14.82420635,14.80675125,0.024685916,-11.11174488,-11.11149025,0.000254154,2212.543723,1.085080092,CORTEX
Mito DLoop,90423,M,1w,18,14.96562672,14.97207355,0.009117207,-11.16592121,-11.08627319,0.079648018,2174.206408,1.066278629,CORTEX
Mito DLoop,90426,M,1w,19,15.20299244,15.20068073,0.003269247,-10.98179913,-11.04589176,0.064092636,2114.193577,1.036847018,CORTEX
Mito DLoop,90430,M,1w,20,15.13145542,15.13456059,0.004391364,-11.2501955,-11.16456985,0.085625648,2295.463624,1.125745835,CORTEX
Mito DLoop,90251,F,8w,21,14.86264706,14.83268929,0.042367361,-11.13767338,-11.11752892,0.020143986,2221.824141,0.984463653,CORTEX
Mito DLoop,90254,F,8w,22,15.10821533,15.13911247,0.043695156,-11.11048889,-11.11481476,0.004325867,2217.648129,0.982613312,CORTEX
Mito DLoop,90258,F,8w,23,14.329422,14.47231579,0.202082336,-11.38741493,-11.25836468,0.129050255,2449.658078,1.08541414,CORTEX
Mito DLoop,90259,F,8w,24,14.88543606,14.90221977,0.02373643,-11.01688099,-11.0222435,0.005362034,2079.82078,0.921543665,CORTEX
Mito DLoop,90267,F,8w,25,14.67759609,14.70566845,0.039700307,-11.22928333,-11.23210239,0.002819061,2405.468837,1.065834417,CORTEX
Mito DLoop,90218,M,8w,26,15.09163761,15.11543465,0.03365409,-11.19160175,-11.25380802,0.062206268,2441.933203,1.197577736,CORTEX
Mito DLoop,90222,M,8w,27,15.06792355,15.03654289,0.044378947,-11.1701498,-11.20405579,0.033905983,2359.157114,1.156982522,CORTEX
Mito DLoop,90223,M,8w,28,14.7194376,14.73482323,0.021759238,-11.32464504,-11.28092384,0.043721676,2488.263997,1.220299376,CORTEX
Mito DLoop,90225,M,8w,29,15.36869144,15.31386375,0.077538066,-11.27204227,-11.20979214,0.062250137,2368.556116,1.161591999,CORTEX
Mito DLoop,90227,M,8w,30,14.9246006,14.92567921,0.001525379,-11.24244499,-11.31608105,0.073636055,2549.645663,1.250402295,CORTEX
Mito DLoop,90245,F,Ctrl,1,15.25477123,15.26768875,0.018268131,-11.09592342,-11.07454491,0.021378517,2156.603001,0.92022996,HEART
Mito DLoop,90248,F,Ctrl,2,14.98125362,15.09463692,0.160347521,-10.99728298,-11.00572014,0.00843668,2056.13623,0.877360441,HEART
Mito DLoop,90252,F,Ctrl,3,15.19291878,15.16910744,0.033673648,-10.84594345,-10.85100555,0.005061626,1847.047886,0.788141721,HEART
Mito DLoop,90265,F,Ctrl,4,14.69485664,14.71897125,0.034103882,-11.33807182,-11.32699203,0.011080265,2569.001531,1.096201839,HEART
Mito DLoop,90266,F,Ctrl,5,15.03421211,15.06061649,0.037341435,-11.60897636,-11.59290123,0.016075134,3088.950913,1.318066039,HEART
Mito DLoop,90217,M,Ctrl,6,14.5588789,14.58545017,0.037577454,-11.25994396,-11.21249485,0.047449112,2372.997475,1.039701288,HEART
Mito DLoop,90229,M,Ctrl,7,15.23647404,15.21510315,0.030222999,-11.12807369,-11.10376549,0.024308205,2200.728545,0.964223657,HEART
Mito DLoop,90232,M,Ctrl,8,15.20223331,15.21465302,0.017563434,-11.12814236,-11.11376762,0.014374256,2216.039104,0.9709318,HEART
Mito DLoop,90237,M,Ctrl,9,14.87938881,14.8663559,0.018430648,-11.14652061,-11.22413254,0.077611446,2392.216983,1.048122092,HEART
Mito DLoop,90239,M,Ctrl,10,15.37042713,15.36984062,0.000828776,-11.18227863,-11.12278748,0.059490681,2229.93737,0.977021164,HEART
Mito DLoop,90559,F,1w,11,14.5236721,14.50536346,0.025892327,-12.22028351,-12.20941353,0.01086998,4735.869226,2.020811779,HEART
Mito DLoop,90560,F,1w,12,14.99711323,15.11557388,0.167528659,-10.98421764,-10.9343853,0.049832344,1956.942023,0.83503393,HEART
Mito DLoop,90564,F,1w,13,15.21711826,15.22227097,0.007287022,-10.80173016,-10.87603378,0.074303627,1879.370487,0.801933887,HEART
Mito DLoop,90567,F,1w,14,14.99843788,15.00427341,0.008252691,-11.03783035,-11.02539921,0.012431145,2084.375097,0.889410063,HEART
Mito DLoop,90571,F,1w,15,14.22920513,14.21663666,0.017773831,-12.16137409,-12.23338318,0.07200861,4815.210588,2.054667013,HEART
Mito DLoop,90421,M,1w,16,14.38849449,14.47418404,0.121183313,-11.65976143,-11.59149647,0.068264961,3085.944644,1.352070811,HEART
Mito DLoop,90422,M,1w,17,14.74337959,14.70119667,0.059656337,-11.12430763,-11.21031761,0.086010456,2369.418975,1.038133409,HEART
Mito DLoop,90423,M,1w,18,14.1641283,14.15417671,0.01407435,-12.21028423,-12.19748306,0.012801647,4696.867118,2.057877786,HEART
Mito DLoop,90426,M,1w,19,13.95759964,13.93104458,0.037554529,-12.07057571,-12.22558498,0.15500927,4789.253162,2.098355659,HEART
Mito DLoop,90430,M,1w,20,14.04566479,14.05543709,0.013820794,-12.31053638,-12.18160248,0.128934383,4645.449477,2.035349744,HEART
Mito DLoop,90251,F,8w,21,15.46505356,15.52264023,0.081440523,-10.78866577,-10.66336441,0.125301838,1621.782248,0.692020094,HEART
Mito DLoop,90254,F,8w,22,15.21440125,15.16928673,0.063800886,-11.24793053,-11.28130913,0.033378124,2488.928598,1.062034441,HEART
Mito DLoop,90258,F,8w,23,14.31475639,14.26293373,0.073288314,-12.36755943,-12.4196825,0.05212307,5478.945367,2.337884939,HEART
Mito DLoop,90259,F,8w,24,15.25680351,15.36304665,0.150249809,-11.68974304,-11.58846855,0.101274967,3079.474682,1.314022498,HEART
Mito DLoop,90267,F,8w,25,14.52196026,14.56569862,0.061854716,-11.51301098,-11.46882057,0.044190884,2834.386084,1.209442345,HEART
Mito DLoop,90218,M,8w,26,14.87022114,14.84548664,0.034979861,-11.16777325,-11.19427872,0.02650547,2343.223281,1.02665607,HEART
Mito DLoop,90222,M,8w,27,14.9896822,15.01138306,0.030690324,-11.18815517,-11.21582031,0.027664661,2378.473626,1.0421006,HEART
Mito DLoop,90223,M,8w,28,15.05521488,15.03212357,0.032655377,-11.3588419,-11.32621384,0.032628536,2567.61617,1.124971209,HEART
Mito DLoop,90225,M,8w,29,14.95913029,14.95378208,0.007563505,-11.13927746,-11.12008572,0.019191742,2225.765236,0.975193192,HEART
Mito DLoop,90227,M,8w,30,14.72778797,14.77489853,0.066625066,-11.39793491,-11.48994064,0.092005253,2876.184768,1.260166957,HEART
Mito DLoop,90248,F,Ctrl,2,17.85748482,17.91282845,0.078267708,-9.184772491,-9.129096985,0.055675507,559.927794,1.25469052,AORTA
Mito DLoop,90252,F,Ctrl,3,17.40441513,17.46996689,0.092705533,-8.67291832,-8.761795998,0.088877678,434.0736379,0.972675556,AORTA
Mito DLoop,90265,F,Ctrl,4,19.24900818,19.26780701,0.026585558,-9.139577866,-9.171273232,0.031695366,576.5385362,1.291911999,AORTA
Mito DLoop,90266,F,Ctrl,5,22.37695122,22.56758499,0.269595534,-7.808706284,-7.74503994,0.063666344,214.5306455,0.480721925,AORTA
Mito DLoop,90217,M,Ctrl,6,19.67085266,19.66829872,0.003611816,-7.882184982,-7.802392006,0.079792976,223.2307569,0.424277426,AORTA
Mito DLoop,90229,M,Ctrl,7,17.25523758,17.20761681,0.067345947,-10.14211082,-10.12368965,0.018421173,1115.666138,2.120460296,AORTA
Mito DLoop,90237,M,Ctrl,9,19.43996811,19.45903397,0.026961844,-9.075798035,-8.976587296,0.099210739,503.7580911,0.957454022,AORTA
Mito DLoop,90239,M,Ctrl,10,19.94242287,19.9563942,0.019758442,-8.027917862,-8.032974243,0.005056381,261.9185161,0.497808256,AORTA
Mito DLoop,90559,F,1w,11,15.92650127,15.88441658,0.059517421,-10.33139896,-10.38689995,0.055500507,1338.9626,3.000357721,AORTA
Mito DLoop,90560,F,1w,12,15.67449188,15.75277328,0.110707298,-10.50213051,-10.52770996,0.025579929,1476.238352,3.307966286,AORTA
Mito DLoop,90564,F,1w,13,15.16756058,15.20230961,0.049142551,-10.59949112,-10.66334915,0.063858032,1621.765095,3.634063734,AORTA
Mito DLoop,90567,F,1w,14,15.41452217,15.48146248,0.094667889,-10.35388565,-10.25547028,0.098415375,1222.374194,2.739105522,AORTA
Mito DLoop,90571,F,1w,15,15.48029232,15.4971199,0.023798471,-10.28419971,-10.33571434,0.051515102,1292.290177,2.895773796,AORTA
Mito DLoop,90421,M,1w,16,18.59660721,18.68733025,0.128301755,-9.9804039,-10.08781624,0.107412338,1088.266545,2.06838401,AORTA
Mito DLoop,90422,M,1w,17,19.37945366,19.32314873,0.079627201,-8.760787964,-8.855669975,0.094882011,463.2573241,0.880477348,AORTA
Mito DLoop,90423,M,1w,18,20.95664406,20.78440094,0.243588552,-8.893539429,-8.89968586,0.006146431,477.6088832,0.907754246,AORTA
Mito DLoop,90426,M,1w,19,19.57814407,19.73471832,0.221428081,-8.303260803,-8.158471107,0.144789696,285.7225531,0.543050747,AORTA
Mito DLoop,90251,F,8w,21,19.99472046,19.97701263,0.025041297,-7.657777786,-7.651071548,0.006706238,201.0027666,0.45040855,AORTA
Mito DLoop,90254,F,8w,22,20.00660133,20.04336929,0.051996399,-8.997932434,-8.809685707,0.188246727,448.7243635,1.005505015,AORTA
Mito DLoop,90259,F,8w,24,18.59881592,18.49827194,0.142192006,-10.53754616,-10.43212318,0.105422974,1381.598958,3.095897601,AORTA
Mito DLoop,90267,F,8w,25,19.30753899,19.39469719,0.123260312,-9.394268036,-9.461736679,0.067468643,705.1257123,1.580051135,AORTA
Mito DLoop,90218,M,8w,26,22.06649208,22.15891266,0.13070108,-6.5890522,-6.529999733,0.059052467,92.41145141,0.175639295,AORTA
Mito DLoop,90222,M,8w,27,19.05598831,19.03833961,0.024959026,-8.640621185,-8.654231071,0.013609886,402.8868959,0.765735947,AORTA
Mito DLoop,90223,M,8w,28,19.8616333,19.94710541,0.120874465,-7.959623337,-7.942351341,0.017271996,245.9721798,0.467500288,AORTA
Mito DLoop,90225,M,8w,29,23.57700729,23.5206871,0.079650126,-7.335187912,-7.414506912,0.079319,170.6039113,0.324253653,AORTA
Mito DLoop,90227,M,8w,30,16.19403458,16.20727158,0.018719945,-9.693096161,-9.738438606,0.045342445,854.2050437,1.623521427,AORTA
Mito DLoop,90248,F,Ctrl,2,17.85748482,17.91282845,0.078267708,-9.184772491,-9.129096985,0.055675507,559.927794,1.25469052,COLON
Mito DLoop,90252,F,Ctrl,3,17.40441513,17.46996689,0.092705533,-8.67291832,-8.761795998,0.088877678,434.0736379,0.972675556,COLON
Mito DLoop,90265,F,Ctrl,4,19.24900818,19.26780701,0.026585558,-9.139577866,-9.171273232,0.031695366,576.5385362,1.291911999,COLON
Mito DLoop,90266,F,Ctrl,5,22.37695122,22.56758499,0.269595534,-7.808706284,-7.74503994,0.063666344,214.5306455,0.480721925,COLON
Mito DLoop,90217,M,Ctrl,6,19.67085266,19.66829872,0.003611816,-7.882184982,-7.802392006,0.079792976,223.2307569,0.424277426,COLON
Mito DLoop,90229,M,Ctrl,7,17.25523758,17.20761681,0.067345947,-10.14211082,-10.12368965,0.018421173,1115.666138,2.120460296,COLON
Mito DLoop,90237,M,Ctrl,9,19.43996811,19.45903397,0.026961844,-9.075798035,-8.976587296,0.099210739,503.7580911,0.957454022,COLON
Mito DLoop,90239,M,Ctrl,10,19.94242287,19.9563942,0.019758442,-8.027917862,-8.032974243,0.005056381,261.9185161,0.497808256,COLON
Mito DLoop,90559,F,1w,11,15.92650127,15.88441658,0.059517421,-10.33139896,-10.38689995,0.055500507,1338.9626,3.000357721,COLON
Mito DLoop,90560,F,1w,12,15.67449188,15.75277328,0.110707298,-10.50213051,-10.52770996,0.025579929,1476.238352,3.307966286,COLON
Mito DLoop,90564,F,1w,13,15.16756058,15.20230961,0.049142551,-10.59949112,-10.66334915,0.063858032,1621.765095,3.634063734,COLON
Mito DLoop,90567,F,1w,14,15.41452217,15.48146248,0.094667889,-10.35388565,-10.25547028,0.098415375,1222.374194,2.739105522,COLON
Mito DLoop,90571,F,1w,15,15.48029232,15.4971199,0.023798471,-10.28419971,-10.33571434,0.051515102,1292.290177,2.895773796,COLON
Mito DLoop,90421,M,1w,16,18.59660721,18.68733025,0.128301755,-9.9804039,-10.08781624,0.107412338,1088.266545,2.06838401,COLON
Mito DLoop,90422,M,1w,17,19.37945366,19.32314873,0.079627201,-8.760787964,-8.855669975,0.094882011,463.2573241,0.880477348,COLON
Mito DLoop,90423,M,1w,18,20.95664406,20.78440094,0.243588552,-8.893539429,-8.89968586,0.006146431,477.6088832,0.907754246,COLON
Mito DLoop,90426,M,1w,19,19.57814407,19.73471832,0.221428081,-8.303260803,-8.158471107,0.144789696,285.7225531,0.543050747,COLON
Mito DLoop,90251,F,8w,21,19.99472046,19.97701263,0.025041297,-7.657777786,-7.651071548,0.006706238,201.0027666,0.45040855,COLON
Mito DLoop,90254,F,8w,22,20.00660133,20.04336929,0.051996399,-8.997932434,-8.809685707,0.188246727,448.7243635,1.005505015,COLON
Mito DLoop,90259,F,8w,24,18.59881592,18.49827194,0.142192006,-10.53754616,-10.43212318,0.105422974,1381.598958,3.095897601,COLON
Mito DLoop,90267,F,8w,25,19.30753899,19.39469719,0.123260312,-9.394268036,-9.461736679,0.067468643,705.1257123,1.580051135,COLON
Mito DLoop,90218,M,8w,26,22.06649208,22.15891266,0.13070108,-6.5890522,-6.529999733,0.059052467,92.41145141,0.175639295,COLON
Mito DLoop,90222,M,8w,27,19.05598831,19.03833961,0.024959026,-8.640621185,-8.654231071,0.013609886,402.8868959,0.765735947,COLON
Mito DLoop,90223,M,8w,28,19.8616333,19.94710541,0.120874465,-7.959623337,-7.942351341,0.017271996,245.9721798,0.467500288,COLON
Mito DLoop,90225,M,8w,29,23.57700729,23.5206871,0.079650126,-7.335187912,-7.414506912,0.079319,170.6039113,0.324253653,COLON
Mito DLoop,90227,M,8w,30,16.19403458,16.20727158,0.018719945,-9.693096161,-9.738438606,0.045342445,854.2050437,1.623521427,COLON
Mito DLoop,90245,F,Ctrl,1,16.25776672,16.20040703,0.081118859,-9.640474319,-9.648855209,0.00838089,802.7768533,0.956742799,KIDNEY
Mito DLoop,90248,F,Ctrl,2,15.88166428,15.89589024,0.020118546,-9.549787521,-9.673750877,0.123963356,816.7500781,0.973395972,KIDNEY
Mito DLoop,90252,F,Ctrl,3,15.86640644,15.94893837,0.116718449,-9.722281456,-9.666835785,0.055445194,812.8446178,0.968741477,KIDNEY
Mito DLoop,90265,F,Ctrl,4,15.83322048,15.82956886,0.005164844,-10.02914333,-10.0135746,0.015568256,1033.680488,1.231931836,KIDNEY
Mito DLoop,90266,F,Ctrl,5,16.44984436,16.41535187,0.048779752,-9.473249435,-9.510392189,0.037142754,729.3119328,0.869187916,KIDNEY
Mito DLoop,90217,M,Ctrl,6,15.91640282,15.9491148,0.046261728,-10.00945091,-9.954173088,0.055277824,991.9840324,1.01506147,KIDNEY
Mito DLoop,90229,M,Ctrl,7,15.94422054,15.95823479,0.019819809,-9.998053551,-9.936220169,0.061833858,979.7162566,1.002508297,KIDNEY
Mito DLoop,90232,M,Ctrl,8,15.9127655,15.96297836,0.071011707,-9.802265167,-9.784937859,0.017327309,882.1852682,0.902708356,KIDNEY
Mito DLoop,90237,M,Ctrl,9,16.06770897,15.94875526,0.168225273,-9.883979797,-10.02643967,0.142459393,1042.939436,1.067202296,KIDNEY
Mito DLoop,90239,M,Ctrl,10,16.03580856,16.08485413,0.069362246,-10.07657433,-9.950555801,0.126018524,989.4999344,1.012519582,KIDNEY
Mito DLoop,90559,F,1w,11,16.09019661,16.10982704,0.027761623,-9.621517181,-9.666766167,0.045248985,812.8053944,0.968694731,KIDNEY
Mito DLoop,90560,F,1w,12,15.78073692,15.86607933,0.120693065,-10.11890411,-10.05046082,0.068443775,1060.449949,1.263835459,KIDNEY
Mito DLoop,90564,F,1w,13,16.05416489,16.01629257,0.05356089,-9.399087906,-9.521224022,0.122136116,734.808254,0.875738386,KIDNEY
Mito DLoop,90567,F,1w,14,15.90445805,15.89920425,0.007429983,-10.04579639,-9.998990059,0.046806335,1023.283412,1.219540688,KIDNEY
Mito DLoop,90571,F,1w,15,15.92889023,15.87056541,0.082483068,-9.817817688,-9.903833389,0.086016178,957.9678238,1.141698111,KIDNEY
Mito DLoop,90421,M,1w,16,16.07542801,16.1089592,0.047420263,-10.04196167,-10.06668854,0.024726868,1072.44544,1.097394725,KIDNEY
Mito DLoop,90422,M,1w,17,16.43437004,16.38742447,0.066391066,-9.581661224,-9.604795456,0.023134232,778.6307202,0.796744723,KIDNEY
Mito DLoop,90423,M,1w,18,16.1391964,16.20357895,0.091049328,-9.931762695,-9.920041084,0.011721611,968.7906185,0.991328486,KIDNEY
Mito DLoop,90426,M,1w,19,16.14846802,16.14450836,0.005599799,-9.712621689,-9.772195816,0.059574127,874.428017,0.894770641,KIDNEY
Mito DLoop,90430,M,1w,20,16.32913399,16.38492203,0.078894854,-9.689731598,-9.584400177,0.105331421,767.7007126,0.785560441,KIDNEY
Mito DLoop,90251,F,8w,21,15.66987991,15.69063663,0.029354436,-10.04844284,-9.915488243,0.132954597,965.7381388,1.150958708,KIDNEY
Mito DLoop,90254,F,8w,22,15.4026041,15.40610695,0.004953772,-10.35059071,-10.36273193,0.012141228,1316.719141,1.569254957,KIDNEY
Mito DLoop,90258,F,8w,23,15.78351974,15.83508873,0.072928883,-9.925956726,-9.859163284,0.066793919,928.7608081,1.106889432,KIDNEY
Mito DLoop,90259,F,8w,24,15.96156979,15.97883224,0.024413478,-10.00881672,-9.972055435,0.036760807,1004.356291,1.196983502,KIDNEY
Mito DLoop,90267,F,8w,25,16.92635918,16.4481163,0.67633754,-9.849405289,-9.874842644,0.025437355,938.9097268,1.118984829,KIDNEY
Mito DLoop,90218,M,8w,26,15.84003448,15.91491127,0.105892442,-9.718584061,-9.700616837,0.017967701,832.1021502,0.851460108,KIDNEY
Mito DLoop,90222,M,8w,27,16.05076027,16.10489082,0.076552168,-9.792854309,-9.769099236,0.023755074,872.5531697,0.892852177,KIDNEY
Mito DLoop,90223,M,8w,28,16.21595764,16.17045212,0.064354531,-9.798192978,-9.825757027,0.027564049,907.502009,0.928614063,KIDNEY
Mito DLoop,90225,M,8w,29,15.94184113,15.8932457,0.06872499,-9.811420441,-9.86089325,0.049472332,929.8751722,0.951507714,KIDNEY
Mito DLoop,90227,M,8w,30,15.75291634,15.76377201,0.015352243,-9.960771561,-10.06714344,0.10637188,1072.783651,1.097740804,KIDNEY
Mito DLoop,90245,F,Ctrl,1,15.81453133,15.78231239,0.045565128,-9.795801163,-9.835248947,0.039448261,913.4924198,0.845987741,ADRNL
Mito DLoop,90248,F,Ctrl,2,15.60181332,15.62458229,0.032200191,-9.957676888,-10.02651691,0.068840027,1042.99528,0.965920682,ADRNL
Mito DLoop,90252,F,Ctrl,3,15.86951351,15.80470467,0.091652878,-9.776179314,-9.871511459,0.095332623,936.7442842,0.867521354,ADRNL
Mito DLoop,90265,F,Ctrl,4,15.23581409,15.24099159,0.007322762,-10.44401646,-10.50528717,0.061271191,1453.471603,1.346063888,ADRNL
Mito DLoop,90266,F,Ctrl,5,15.64334202,15.65751743,0.020047065,-10.06947422,-10.03928375,0.030190468,1052.266016,0.974506334,ADRNL
Mito DLoop,90217,M,Ctrl,6,16.87211609,16.81081772,0.086688988,-9.395223618,-9.435646057,0.04042244,692.4883822,1.065322641,ADRNL
Mito DLoop,90229,M,Ctrl,7,16.39866829,16.43451309,0.050690856,-9.275276184,-9.166694641,0.108581543,574.7117125,0.884135265,ADRNL
Mito DLoop,90232,M,Ctrl,8,16.99988747,16.99578285,0.005804801,-9.158355713,-9.153608322,0.004747391,569.5222209,0.876151762,ADRNL
Mito DLoop,90237,M,Ctrl,9,16.15599251,16.12290001,0.046799861,-9.430810928,-9.493262291,0.062451363,720.7036247,1.108728909,ADRNL
Mito DLoop,90239,M,Ctrl,10,16.77165604,16.79825211,0.037611172,-9.50633049,-9.436104774,0.070225716,692.7085998,1.065661423,ADRNL
Mito DLoop,90559,F,1w,11,15.76317692,15.74266338,0.029010519,-9.736197472,-9.767043114,0.030845642,871.310497,0.806922951,ADRNL
Mito DLoop,90560,F,1w,12,15.89591217,15.99920559,0.146078959,-9.930801392,-9.844115257,0.086686134,919.123718,0.851202901,ADRNL
Mito DLoop,90564,F,1w,13,16.09000397,16.09475708,0.006723265,-9.547864914,-9.581828117,0.033963203,766.3332629,0.709703257,ADRNL
Mito DLoop,90567,F,1w,14,15.76431751,15.75689888,0.01049153,-9.870520592,-9.837909698,0.032610893,915.1787214,0.847549429,ADRNL
Mito DLoop,90571,F,1w,15,14.94705677,14.95657539,0.013462041,-10.75160694,-10.79941368,0.047807217,1782.163126,1.650465975,ADRNL
Mito DLoop,90421,M,1w,16,16.84209442,16.88978958,0.067451142,-9.309638977,-9.243565559,0.066073418,606.1645027,0.93252217,ADRNL
Mito DLoop,90422,M,1w,17,16.26058006,16.20645332,0.076546766,-9.578601837,-9.617619514,0.039017677,785.5827901,1.208538878,ADRNL
Mito DLoop,90423,M,1w,18,16.80494499,16.83985329,0.049367785,-9.456949234,-9.309037209,0.147912025,634.3068925,0.975816362,ADRNL
Mito DLoop,90426,M,1w,19,15.77135277,15.74578953,0.036151882,-9.94606781,-10.02868366,0.082615852,1044.562906,1.606953333,ADRNL
Mito DLoop,90430,M,1w,20,16.3082962,16.30242348,0.00830529,-9.642353058,-9.550110817,0.092242241,749.6694581,1.153289885,ADRNL
Mito DLoop,90251,F,8w,21,16.15322495,16.17064285,0.024633991,-10.0446167,-9.93972683,0.10488987,982.1004825,0.909525849,ADRNL
Mito DLoop,90254,F,8w,22,15.79402924,15.78365326,0.014673172,-10.04232216,-10.08687401,0.044551373,1087.556026,1.007188506,ADRNL
Mito DLoop,90258,F,8w,23,16.38518715,16.34168434,0.06152226,-9.76089859,-9.778985977,0.018087387,878.5532837,0.813630515,ADRNL
Mito DLoop,90259,F,8w,24,15.97209072,15.93255424,0.05591302,-9.703860283,-9.720915794,0.017055511,843.8927182,0.781531274,ADRNL
Mito DLoop,90267,F,8w,25,15.95572376,15.9673748,0.016476383,-10.05790234,-10.07143021,0.013528347,1075.976017,0.99646423,ADRNL
Mito DLoop,90218,M,8w,26,16.25861931,16.30158615,0.060765639,-9.597549438,-9.606204033,0.008654594,779.3913085,1.199013916,ADRNL
Mito DLoop,90222,M,8w,27,16.98392677,16.92319298,0.085890554,-9.108182907,-9.181056976,0.072874069,580.461663,0.892980976,ADRNL
Mito DLoop,90223,M,8w,28,16.3841095,16.42178154,0.053276315,-9.610191345,-9.556707382,0.053483963,753.1050882,1.158575251,ADRNL
Mito DLoop,90225,M,8w,29,16.43189621,16.40616035,0.036395997,-9.776874542,-9.736192703,0.040681839,852.8763019,1.312063072,ADRNL
Mito DLoop,90227,M,8w,30,16.10678291,16.06476212,0.059427731,-9.659261703,-9.773111343,0.11384964,874.9831009,1.346072124,ADRNL
Mito DLoop,90245,F,Ctrl,1,19.21307182,19.2046051,0.011975099,-6.692596436,-6.649400711,0.043195724,100.3850564,1.075572551,SPLEEN
Mito DLoop,90248,F,Ctrl,2,19.03131104,19.10987091,0.111101791,-6.639072418,-6.680071831,0.040999413,102.5420497,1.098683588,SPLEEN
Mito DLoop,90252,F,Ctrl,3,18.70230293,18.71040726,0.011462594,-6.422456741,-6.457192421,0.03473568,87.86352171,0.941410959,SPLEEN
Mito DLoop,90265,F,Ctrl,4,19.37276649,19.32273483,0.070754103,-6.34570694,-6.474555969,0.12884903,88.9273919,0.952809763,SPLEEN
Mito DLoop,90266,F,Ctrl,5,19.10159492,19.11733246,0.022254884,-6.495662689,-6.441959381,0.053703308,86.94067437,0.93152314,SPLEEN
Mito DLoop,90217,M,Ctrl,6,19.29226875,19.28039169,0.016796699,-6.615709305,-6.633168221,0.017458916,99.26190383,1.068036444,SPLEEN
Mito DLoop,90229,M,Ctrl,7,19.16940498,19.18588257,0.023301475,-6.605571747,-6.459766388,0.145805359,88.02042228,0.947080553,SPLEEN
Mito DLoop,90232,M,Ctrl,8,19.03497124,18.97845459,0.079925261,-6.465719223,-6.471552849,0.005833626,88.74247278,0.954849659,SPLEEN
Mito DLoop,90237,M,Ctrl,9,19.40169907,19.388834,0.018193951,-6.441524506,-6.466547012,0.025022507,88.43508938,0.951542281,SPLEEN
Mito DLoop,90239,M,Ctrl,10,19.06350327,19.11907959,0.078595445,-6.780735016,-6.647221565,0.133513451,100.2335423,1.078491062,SPLEEN
Mito DLoop,90559,F,1w,11,18.86499596,18.87844849,0.01902475,-6.431882858,-6.451771736,0.019888878,87.53400868,0.937880402,SPLEEN
Mito DLoop,90560,F,1w,12,19.18263435,19.29273415,0.155704618,-6.602781296,-6.564359665,0.038421631,94.63878618,1.014004318,SPLEEN
Mito DLoop,90564,F,1w,13,19.0877285,19.07295036,0.020899443,-6.337579727,-6.414340019,0.076760292,85.29208836,0.913859416,SPLEEN
Mito DLoop,90567,F,1w,14,18.9943409,19.0241909,0.042214282,-6.398233414,-6.326622963,0.071610451,80.26076283,0.859951436,SPLEEN
Mito DLoop,90571,F,1w,15,19.24445343,19.21455002,0.042288464,-6.411420822,-6.502721786,0.091300964,90.68058458,0.971594291,SPLEEN
Mito DLoop,90421,M,1w,16,18.89059448,18.9601841,0.098414578,-6.674613953,-6.510416031,0.164197922,91.16549818,0.980920884,SPLEEN
Mito DLoop,90422,M,1w,17,19.09771347,19.0594902,0.054057211,-6.189777374,-6.232100487,0.042323112,75.17080178,0.808821438,SPLEEN
Mito DLoop,90423,M,1w,18,19.39606094,19.40383911,0.011001339,-6.255174637,-6.155058861,0.100115776,71.26189093,0.76676241,SPLEEN
Mito DLoop,90426,M,1w,19,19.31595421,19.33324814,0.024457311,-6.216564178,-6.311178207,0.094614029,79.40611501,0.854392485,SPLEEN
Mito DLoop,90430,M,1w,20,19.18889236,19.13390541,0.077763297,-6.350049973,-6.32389164,0.026158333,80.10895617,0.861954903,SPLEEN
Mito DLoop,90251,F,8w,21,19.02869987,19.04906464,0.028801471,-6.608179092,-6.524273872,0.08390522,92.04540978,0.986217668,SPLEEN
Mito DLoop,90254,F,8w,22,18.91882133,18.8720932,0.066083558,-6.57507515,-6.661997795,0.086922646,101.2654198,1.085005177,SPLEEN
Mito DLoop,90258,F,8w,23,19.33082581,19.3695488,0.05476258,-6.930753708,-6.879000664,0.051753044,117.7024601,1.261119332,SPLEEN
Mito DLoop,90259,F,8w,24,19.11805916,19.19829369,0.113468759,-6.639507294,-6.560329437,0.079177856,94.37477779,1.011175609,SPLEEN
Mito DLoop,90267,F,8w,25,19.61808586,19.55940628,0.082984112,-6.314460754,-6.38915062,0.074689865,83.81581712,0.898041954,SPLEEN
Mito DLoop,90218,M,8w,26,19.14904594,19.13786125,0.015817543,-6.755657196,-6.758685112,0.003027916,108.2846632,1.165119367,SPLEEN
Mito DLoop,90222,M,8w,27,19.16456795,19.0880928,0.108152188,-6.601133347,-6.674859047,0.0737257,102.1722106,1.09935071,SPLEEN
Mito DLoop,90223,M,8w,28,19.11121941,19.057724,0.075655282,-6.642269135,-6.699548721,0.057279587,103.9357903,1.118326443,SPLEEN
Mito DLoop,90225,M,8w,29,19.19822693,19.16397858,0.048434485,-6.557605743,-6.584118843,0.0265131,95.94387764,1.032335205,SPLEEN
Mito DLoop,90227,M,8w,30,18.93972015,18.97202682,0.045687184,-6.711454391,-6.797541618,0.086087227,111.240754,1.19692626,SPLEEN
Mito Dloop,90245,F,Ctrl,1,21.8992424,21.96772003,0.09684334,-6.22269249,-6.096152306,0.126540184,68.4108052,0.853457924,WAT-SC
Mito Dloop,90248,F,Ctrl,2,21.8916111,22.0518837,0.226659685,-6.402276993,-6.484132767,0.081855774,89.51966713,1.116801199,WAT-SC
Mito Dloop,90252,F,Ctrl,3,19.98123169,19.96522713,0.022633869,-6.4179039,-6.284874916,0.133028984,77.97149633,0.972732176,WAT-SC
Mito Dloop,90265,F,Ctrl,4,21.4718647,21.49166679,0.028004389,-6.714487076,-6.817325592,0.102838516,112.7767288,1.406944306,WAT-SC
Mito Dloop,90266,F,Ctrl,5,23.73007202,23.70910263,0.029655198,-5.700687408,-5.703414917,0.002727509,52.10734769,0.650064396,WAT-SC
Mito Dloop,90217,M,Ctrl,6,27.16400719,27.16282654,0.001671038,-5.830541611,-5.597540855,0.233000755,48.42032492,0.318135386,WAT-SC
Mito Dloop,90229,M,Ctrl,7,21.45369339,21.46257973,0.012567178,-7.647928238,-7.533000946,0.114927292,185.2077868,1.216868139,WAT-SC
Mito Dloop,90232,M,Ctrl,8,20.94017982,20.95736504,0.024303559,-7.930395126,-7.734671593,0.195723534,212.9943857,1.399434042,WAT-SC
Mito Dloop,90237,M,Ctrl,9,20.4608326,20.41313171,0.067457885,-7.316427231,-7.494094849,0.177667618,180.279913,1.184490599,WAT-SC
Mito Dloop,90239,M,Ctrl,10,21.93335152,21.96718979,0.047853194,-7.14541626,-7.067159653,0.078256607,134.0994633,0.881071834,WAT-SC
Mito Dloop,90559,F,1w,11,22.58683968,22.51408577,0.10288956,-5.996397018,-5.957185745,0.039211273,62.12860453,0.775084428,WAT-SC
Mito Dloop,90560,F,1w,12,21.77007675,21.68919182,0.11438857,-5.881032944,-6.025849342,0.144816399,65.15704821,0.81286573,WAT-SC
Mito Dloop,90564,F,1w,13,21.65633774,21.67388153,0.024812018,-5.698101044,-5.716013908,0.017912865,52.5643916,0.65576624,WAT-SC
Mito Dloop,90567,F,1w,14,21.51543999,21.55527496,0.056336511,-6.434066772,-6.363591194,0.070475578,82.34397532,1.027280968,WAT-SC
Mito Dloop,90571,F,1w,15,18.37587357,18.36389732,0.016936963,-6.883966446,-6.987175941,0.103209496,126.867255,1.582730444,WAT-SC
Mito Dloop,90421,M,1w,16,25.69219971,25.75029755,0.082164101,-6.519065857,-6.426016808,0.093049049,85.98522098,0.564947498,WAT-SC
Mito Dloop,90422,M,1w,17,23.06108284,23.09130096,0.042733531,-6.616531372,-6.746412277,0.129880905,107.3674055,0.705434567,WAT-SC
Mito Dloop,90423,M,1w,18,19.3066349,19.38763809,0.114557154,-6.273462296,-6.28068924,0.007226944,77.74560626,0.510810873,WAT-SC
Mito Dloop,90426,M,1w,19,23.26250839,23.44996643,0.265105695,-6.535821915,-6.569293976,0.033472061,94.96302427,0.623934234,WAT-SC
Mito Dloop,90430,M,1w,20,22.96634674,22.89230347,0.104711652,-6.298252106,-6.220709801,0.077542305,74.57963342,0.490009526,WAT-SC
Mito Dloop,90251,F,8w,21,20.63084221,20.6225853,0.011678386,-6.821022034,-6.65855217,0.162469864,101.0238536,1.260321496,WAT-SC
Mito Dloop,90254,F,8w,22,20.75538254,20.64979553,0.149323925,-6.608263016,-6.604849815,0.0034132,97.33250736,1.214270164,WAT-SC
Mito Dloop,90258,F,8w,23,21.27482414,21.32269859,0.0677047,-6.705780029,-6.679286957,0.026493073,102.4862786,1.278565956,WAT-SC
Mito Dloop,90259,F,8w,24,20.13718414,20.15206528,0.021043753,-6.132156372,-6.124567032,0.00758934,69.77155256,0.870433906,WAT-SC
Mito Dloop,90267,F,8w,25,20.5970974,20.5247879,0.102261066,-6.09428215,-6.151899338,0.057617188,71.10599713,0.887081748,WAT-SC
Mito Dloop,90218,M,8w,26,24.75975609,24.90803146,0.2096944,-6.648519516,-6.481384277,0.167135239,89.34928488,0.587050361,WAT-SC
Mito Dloop,90222,M,8w,27,22.77860069,22.79482079,0.022938674,-6.443914413,-6.447780609,0.003866196,87.29218589,0.573534632,WAT-SC
Mito Dloop,90223,M,8w,28,26.93787003,26.94014549,0.003217996,-5.945213318,-5.942995071,0.002218246,61.52048925,0.404207213,WAT-SC
Mito Dloop,90225,M,8w,29,26.01986694,26.24289703,0.315413535,-6.296653748,-6.30552578,0.008872032,79.09561335,0.519680806,WAT-SC
Mito Dloop,90227,M,8w,30,23.3590126,23.51502991,0.220641792,-7.137619019,-7.0520401,0.085578918,132.7014294,0.871886351,WAT-SC
Mito DLoop,90245,F,Ctrl,1,16.12939644,16.19086266,0.086926356,-10.8542366,-10.88656902,0.03233242,1893.144769,1.195149865,BAT
Mito DLoop,90248,F,Ctrl,2,15.33792877,15.37306499,0.049690124,-10.71026039,-10.81111622,0.100855827,1796.678076,1.134250056,BAT
Mito DLoop,90252,F,Ctrl,3,15.75605392,15.6850729,0.100382328,-10.86322784,-10.88301086,0.01978302,1888.481407,1.192205865,BAT
Mito DLoop,90265,F,Ctrl,4,15.74097252,15.72631645,0.020726809,-11.04835892,-11.07656002,0.028201103,2159.617385,1.363375093,BAT
Mito DLoop,90266,F,Ctrl,5,18.44182014,18.41055298,0.044218451,-7.429878235,-7.50932312,0.079444885,182.1929242,0.115019122,BAT
Mito DLoop,90217,M,Ctrl,6,16.35480499,16.3247509,0.042502906,-10.90298843,-10.76479626,0.138192177,1739.909144,0.998387269,BAT
Mito DLoop,90229,M,Ctrl,7,16.54444695,16.48454666,0.084710442,-10.62443733,-10.55805016,0.066387177,1507.612718,0.865091921,BAT
Mito DLoop,90232,M,Ctrl,8,16.25120354,16.31898689,0.095860139,-10.66503525,-10.60591602,0.059119225,1558.471463,0.89427547,BAT
Mito DLoop,90237,M,Ctrl,9,16.49482918,16.47347641,0.030198723,-10.68023491,-10.70186424,0.021629333,1665.643853,0.955772676,BAT
Mito DLoop,90239,M,Ctrl,10,15.46371174,15.4922657,0.040381402,-11.19961452,-11.13054562,0.069068909,2241.961232,1.286472664,BAT
Mito DLoop,90559,F,1w,11,16.62043571,16.64597702,0.03612221,-10.78034592,-10.64624691,0.134099007,1602.653592,1.011761622,BAT
Mito DLoop,90560,F,1w,12,17.54532623,17.59446526,0.06949307,-10.81176376,-10.69519234,0.116571426,1657.95868,1.046675946,BAT
Mito DLoop,90564,F,1w,13,16.81613541,16.98282242,0.235729679,-10.61684418,-10.44397259,0.17287159,1392.993285,0.879402232,BAT
Mito DLoop,90567,F,1w,14,16.61681938,16.60365677,0.018616095,-10.08641243,-10.14335537,0.05694294,1130.978172,0.713991043,BAT
Mito DLoop,90571,F,1w,15,15.59218407,15.58159256,0.014978653,-9.981685638,-9.935915947,0.045769691,979.5096849,0.618368382,BAT
Mito DLoop,90421,M,1w,16,15.95760822,15.95739365,0.000302783,-11.16426563,-11.09667778,0.067588329,2189.943267,1.256623936,BAT
Mito DLoop,90422,M,1w,17,15.51683521,15.61575603,0.139895171,-10.84343624,-10.80774403,0.035692215,1792.483379,1.028555193,BAT
Mito DLoop,90423,M,1w,18,16.98437691,16.93527222,0.069443174,-10.096035,-10.19917011,0.103135109,1175.590681,0.674572447,BAT
Mito DLoop,90426,M,1w,19,18.50399399,18.56433105,0.085329495,-10.26838112,-10.27518749,0.006806374,1239.194982,0.711069597,BAT
Mito DLoop,90430,M,1w,20,16.09145164,16.13368034,0.059720397,-10.55570412,-10.64720535,0.091501236,1603.718655,0.920239022,BAT
Mito DLoop,90251,F,8w,21,16.40917778,16.34851456,0.085792102,-10.89928246,-10.8573761,0.041906357,1855.221975,1.171209053,BAT
Mito DLoop,90254,F,8w,22,16.0120163,16.02406311,0.017035419,-10.08442879,-10.0643158,0.020112991,1070.683082,0.675926512,BAT
Mito DLoop,90258,F,8w,23,16.08776474,16.10097504,0.018683529,-10.47089767,-10.46065521,0.010242462,1409.194674,0.889630234,BAT
Mito DLoop,90267,F,8w,25,16.48013878,16.4907074,0.014947632,-10.09386635,-10.04084396,0.053022385,1053.404611,0.665018544,BAT
Mito DLoop,90218,M,8w,26,18.53543854,18.5867157,0.07251551,-8.744541168,-8.747661591,0.003120422,429.8416857,0.246649929,BAT
Mito DLoop,90222,M,8w,27,17.43224335,17.4661026,0.047882866,-9.459518433,-9.457230568,0.002287865,702.9267598,0.403350445,BAT
Mito DLoop,90223,M,8w,28,17.11005211,17.08432007,0.036390599,-10.88019371,-10.87352657,0.006667137,1876.10723,1.076539876,BAT
Mito DLoop,90225,M,8w,29,16.80734634,16.79611969,0.015876886,-9.659963608,-9.663450241,0.003486633,810.9393678,0.465329781,BAT
Mito DLoop,90227,M,8w,30,17.26104546,17.26037025,0.000954879,-9.622018814,-9.725741386,0.103722572,846.7201349,0.485861348,BAT
Mito DLoop,90245,F,Ctrl,1,13.81208515,13.87353706,0.08690545,-10.95964336,-10.90950584,0.050137043,1923.483641,1.020259959,HIPPOC
Mito DLoop,90248,F,Ctrl,2,14.80858612,14.79456234,0.01983262,-11.16727829,-11.28656578,0.119287491,2498.013885,1.325004014,HIPPOC
Mito DLoop,90252,F,Ctrl,3,14.90332699,14.90645695,0.00442643,-10.66905117,-10.76630783,0.09725666,1741.733077,0.923855281,HIPPOC
Mito DLoop,90265,F,Ctrl,4,15.5912981,15.60079002,0.013423603,-10.68072033,-10.729249,0.048528671,1697.562528,0.900426206,HIPPOC
Mito DLoop,90266,F,Ctrl,5,14.68981266,14.72614002,0.051374648,-10.61765575,-10.61254215,0.005113602,1565.645803,0.830454541,HIPPOC
Mito DLoop,90217,M,Ctrl,6,15.08500576,14.99782944,0.123285264,-10.9513731,-11.00401878,0.052645206,2053.712879,0.959117784,HIPPOC
Mito DLoop,90229,M,Ctrl,7,15.69958019,15.7294178,0.042196076,-10.92727184,-10.80344772,0.123823643,1787.153357,0.834630092,HIPPOC
Mito DLoop,90232,M,Ctrl,8,15.19416142,15.19308472,0.001523356,-10.64074612,-10.66494942,0.024203777,1623.564986,0.758231624,HIPPOC
Mito DLoop,90237,M,Ctrl,9,14.79333401,14.71080303,0.116716422,-11.39253139,-11.47327995,0.080748558,2843.160746,1.327802958,HIPPOC
Mito DLoop,90239,M,Ctrl,10,15.1124754,15.09285736,0.02774409,-11.18681812,-11.22801781,0.041199684,2398.668057,1.120217542,HIPPOC
Mito DLoop,90559,F,1w,11,15.63953114,15.65984058,0.028721897,-11.12339115,-11.11386967,0.009521484,2216.195852,1.175521248,HIPPOC
Mito DLoop,90560,F,1w,12,14.87031651,14.79203701,0.110703923,-10.85567379,-10.95628452,0.100610733,1986.873798,1.053883556,HIPPOC
Mito DLoop,90564,F,1w,13,14.87019444,14.81900597,0.07239075,-11.02062511,-10.97675705,0.043867588,2015.269476,1.068945277,HIPPOC
Mito DLoop,90567,F,1w,14,14.93716335,14.97970295,0.060160074,-11.10132122,-10.98775864,0.113562584,2030.6961,1.077127913,HIPPOC
Mito DLoop,90571,F,1w,15,14.3912487,14.34952831,0.059001543,-10.96559715,-11.06850147,0.10290432,2147.587909,1.139130017,HIPPOC
Mito DLoop,90421,M,1w,16,14.51990604,14.57215309,0.07388781,-10.96558285,-10.94698334,0.018599033,1974.105446,0.9219398,HIPPOC
Mito DLoop,90422,M,1w,17,14.34974003,14.40611267,0.079723626,-11.0991354,-10.98174286,0.117392063,2022.246094,0.944422277,HIPPOC
Mito DLoop,90423,M,1w,18,15.14723778,15.14689445,0.000484857,-10.89053917,-10.91560936,0.025069714,1931.638435,0.902107006,HIPPOC
Mito DLoop,90426,M,1w,19,14.42979145,14.4527607,0.032484092,-11.01459408,-11.12018204,0.105588436,2225.913844,1.039538475,HIPPOC
Mito DLoop,90430,M,1w,20,14.5962286,14.58313751,0.01851292,-11.0262804,-11.14779663,0.121515751,2268.930387,1.05962791,HIPPOC
Mito DLoop,90251,F,8w,21,15.29059315,15.37836075,0.124122806,-11.04016209,-10.91914177,0.12101984,1936.373808,1.0270972,HIPPOC
Mito DLoop,90254,F,8w,22,14.83374882,14.78775024,0.065051131,-11.22138309,-11.28560448,0.064221859,2496.34995,1.324121425,HIPPOC
Mito DLoop,90258,F,8w,23,14.98617649,14.97520351,0.015518133,-11.03134632,-11.03337002,0.002023697,2095.923025,1.111725775,HIPPOC
Mito DLoop,90259,F,8w,24,15.28631592,15.30021381,0.019654592,-11.04157448,-11.0157156,0.025858879,2070.431274,1.098204363,HIPPOC
Mito DLoop,90267,F,8w,25,14.62474918,14.56385422,0.08611849,-11.00818157,-11.09093475,0.082753181,2181.242951,1.156981425,HIPPOC
Mito DLoop,90218,M,8w,26,15.1329155,15.2289772,0.135851771,-10.88838577,-10.82878304,0.059602737,1818.814928,0.849416567,HIPPOC
Mito DLoop,90222,M,8w,27,14.80262566,14.79621506,0.009065282,-11.29390335,-11.335989,0.042086124,2585.072449,1.207271466,HIPPOC
Mito DLoop,90223,M,8w,28,15.02708626,15.0789032,0.073280893,-11.06721497,-11.00117111,0.066044331,2049.663145,0.957226492,HIPPOC
Mito DLoop,90225,M,8w,29,14.58643341,14.48551464,0.142720699,-11.08236122,-11.16606712,0.083705902,2297.847156,1.073132518,HIPPOC
Mito DLoop,90227,M,8w,30,15.00299454,14.96011734,0.060637515,-11.09986877,-11.12273598,0.022867203,2229.857771,1.041380354,HIPPOC
Mito DLoop,90245,F,Ctrl,1,14.31006145,14.38899422,0.111627109,-11.08824062,-11.01641655,0.071824551,2071.437462,0.985266934,HYPOTH
Mito DLoop,90248,F,Ctrl,2,14.80246544,14.75650597,0.064995833,-10.9173584,-10.93581009,0.018452168,1958.875632,0.931727568,HYPOTH
Mito DLoop,90252,F,Ctrl,3,14.43822098,14.52448082,0.121990509,-11.08391762,-10.9196949,0.164223194,1937.116358,0.921377898,HYPOTH
Mito DLoop,90265,F,Ctrl,4,15.48223019,15.47441864,0.011047195,-10.95507526,-10.98463345,0.029558182,2026.301932,0.963798487,HYPOTH
Mito DLoop,90266,F,Ctrl,5,14.12134075,14.13774109,0.023192905,-11.27244854,-11.29825211,0.025803089,2518.330831,1.197829113,HYPOTH
Mito DLoop,90229,M,Ctrl,7,14.28426933,14.28107643,0.004516119,-11.43189812,-11.38368607,0.048211575,2671.966251,1.335563889,HYPOTH
Mito DLoop,90232,M,Ctrl,8,14.66577911,14.65162754,0.020013347,-10.73134232,-10.70848179,0.022860527,1673.3016,0.836388256,HYPOTH
Mito DLoop,90237,M,Ctrl,9,14.4126358,14.59888458,0.263396233,-10.62825012,-10.69402313,0.065773487,1656.615564,0.828047856,HYPOTH
Mito DLoop,90559,F,1w,11,15.02017212,14.98969078,0.043106448,-10.87864494,-10.81662369,0.062020779,1803.549979,0.857847843,HYPOTH
Mito DLoop,90560,F,1w,12,14.85441971,14.86952019,0.021355303,-10.57372093,-10.64984035,0.076119423,1606.650435,0.764193743,HYPOTH
Mito DLoop,90564,F,1w,13,14.97499657,14.96517944,0.013884183,-10.8285656,-10.94633293,0.117767811,1973.215666,0.93854832,HYPOTH
Mito DLoop,90567,F,1w,14,14.88960552,14.9181118,0.040314641,-10.63875675,-10.6379261,0.000831127,1593.43682,0.757908766,HYPOTH
Mito DLoop,90571,F,1w,15,14.91031647,14.9072361,0.004356972,-10.90945816,-10.91879082,0.009333134,1935.90282,0.920800686,HYPOTH
Mito DLoop,90421,M,1w,16,14.5201292,14.58492756,0.091638714,-11.90863132,-11.82446098,0.084170341,3626.748487,1.8128052,HYPOTH
Mito DLoop,90422,M,1w,17,15.22843266,15.2114563,0.02400752,-10.87410069,-10.94432068,0.07022047,1970.465369,0.984923514,HYPOTH
Mito DLoop,90423,M,1w,18,14.64017868,14.70957756,0.098145515,-10.53922462,-10.410532,0.128693104,1361.076082,0.680324485,HYPOTH
Mito DLoop,90426,M,1w,19,14.43830109,14.45363998,0.021693151,-10.84880638,-10.84954834,0.000741482,1845.183191,0.922302083,HYPOTH
Mito DLoop,90430,M,1w,20,14.45591831,14.52307796,0.094978094,-10.75475407,-10.73117065,0.023583412,1699.825169,0.849645879,HYPOTH
Mito DLoop,90251,F,8w,21,15.00223351,14.98076057,0.030367985,-11.13567162,-11.17457008,0.038897991,2311.430203,1.099418057,HYPOTH
Mito DLoop,90254,F,8w,22,14.67697525,14.69667816,0.02786345,-10.96067047,-10.95674515,0.0039258,1987.508269,0.945346512,HYPOTH
Mito DLoop,90258,F,8w,23,13.95786095,14.08882141,0.185206741,-11.12446022,-11.08302116,0.041439533,2169.310972,1.031819888,HYPOTH
Mito DLoop,90259,F,8w,24,16.15275955,16.1710434,0.025855912,-11.04204178,-10.95065498,0.091386795,1979.135925,0.941364256,HYPOTH
Mito DLoop,90267,F,8w,25,14.48294926,14.53096008,0.067897558,-11.04199314,-11.01343155,0.028561592,2067.155996,0.98323048,HYPOTH
Mito DLoop,90218,M,8w,26,16.22948074,16.21854782,0.015462835,-11.13514709,-11.19195938,0.056812286,2339.459245,1.169362557,HYPOTH
Mito DLoop,90225,M,8w,29,14.48001194,14.59096146,0.156905636,-11.05519581,-11.02218628,0.033009052,2079.738291,1.03954283,HYPOTH
Mito DLoop,90227,M,8w,30,14.58719158,14.75325966,0.234855726,-11.59214687,-11.43288136,0.159265518,2764.650424,1.381891433,HYPOTH