training_p,beta_1w,beta_2w,beta_4w,beta_8w,tscore_1w,tscore_2w,tscore_4w,tscore_8w,pvalue_1w,pvalue_2w,pvalue_4w,pvalue_8w,tissue,sex,biomarker
0.120752627358766,0.503450000000003,0.389650000000003,-0.178249999999997,0.180450000000004,1.86277845514188,1.44171541373728,-0.625684871567024,0.667669822684193,0.21934962083974,0.417494765717086,0.916418641370529,0.897948615808631,HYPOTH,female,mt_reads
0.0204399573977475,-0.264875268948282,NA,NA,-0.0230934621873615,-2.93066362788052,NA,NA,-0.255513358959719,0.0244823292512759,NA,NA,0.951806988710718,HYPOTH,female,mtdna
0.0285196184465318,-0.0978499999999993,0.25975,0.17535,0.0559499999999975,-0.86118822458278,2.28608729009074,1.54327394154922,0.492421882119619,0.788566177633402,0.100810966934578,0.356335118818336,0.960649311117978,HYPOTH,male,mt_reads
0.663680193905397,0.0232762004184863,NA,NA,0.286945341360486,0.0733748648843259,NA,NA,0.809057518800233,0.995879748260509,NA,NA,0.639871752856008,HYPOTH,male,mtdna
0.644599922145813,0.0516000000000041,0.118800000000009,0.396800000000004,0.467600000000006,0.137364212359034,0.316257140082426,1.05632014465234,1.24479662207519,0.999723028863579,0.992962526131314,0.677205784660684,0.550216900519374,CORTEX,female,mt_reads
0.832680320926828,-0.0248048783478545,NA,NA,0.0126457213284024,-0.396978374022263,NA,NA,0.20238268540922,0.892943029698468,NA,NA,0.970517909147535,CORTEX,female,mtdna
0.827208966988352,-0.135199999999998,-0.00999999999999979,-0.303199999999999,0.166799999999999,-0.332574445388166,-0.0245987015819648,-0.745832631965186,0.410306342387179,0.991506295088122,0.99999970845641,0.867942919649468,0.981622658524097,CORTEX,male,mt_reads
0.0675827632210228,0.0722826004280321,NA,NA,0.277820015194129,0.653958581228164,NA,NA,2.51350645794808,0.743299057990414,NA,NA,0.0490138153908701,CORTEX,male,mtdna
0.270333562509293,0.331400000000006,0.450200000000008,-0.435999999999993,0.0830000000000073,0.806210905433322,1.09522072910707,-1.0606757838531,0.201917637751872,0.835470436351329,0.650873412227619,0.67428378460732,0.998741319303849,HIPPOC,female,mt_reads
0.183729742949998,0.159800148021171,NA,NA,0.208119201821594,1.45150755041246,NA,NA,1.89040245938843,0.285861034379408,NA,NA,0.143939425057234,HIPPOC,female,mtdna
0.119665996672157,-0.2098,-0.00879999999999903,0.115400000000001,0.532199999999994,-0.778765528639938,-0.0326650936703085,0.428358160176596,1.97549577856135,0.850572818525202,0.999999092662538,0.978554428329753,0.183168440809907,HIPPOC,male,mt_reads
0.87802283466624,-0.0122798915542148,NA,NA,0.0562065126156472,-0.0862319946906392,NA,NA,0.394694014686821,0.994554789082692,NA,NA,0.894078913473244,HIPPOC,male,mtdna
0.0957837160547552,-4.7687,-4.4532,-4.92860000000001,-6.499,-1.98126042411881,-1.96241124789131,-2.17190785869872,-2.86394293991863,0.184563196580952,0.191056392325286,0.131232015672362,0.0334075366293891,ADRNL,female,mt_reads
0.131177676171622,-0.297845601901829,NA,NA,-0.13598308546994,-2.216539384081,NA,NA,-1.07336001589233,0.0866196012241454,NA,NA,0.48245281822648,ADRNL,female,mtdna
0.009361876203885,9.68780000000001,4.25180000000001,2.4568,2.71520000000001,4.01897977888154,1.76385745203746,1.01920245264727,1.12639958459291,0.00253300753997932,0.26206219289078,0.702178702298071,0.629783521444984,ADRNL,male,mt_reads
0.283133699387391,0.212740135167484,NA,NA,0.233591270426208,1.37906799535293,NA,NA,1.51423352619854,0.317415651111655,NA,NA,0.260511028850377,ADRNL,male,mtdna
0.0782769763937775,0.190400000000001,0.0557999999999996,-0.0865999999999989,0.1144,1.99382243402118,0.584324011651159,-0.906854111272223,1.19796894144969,0.177289637557702,0.937855012033812,0.775180982198938,0.581482384598936,LUNG,female,mt_reads
0.731871265585676,-0.0845355983557159,NA,NA,-0.0428171156766961,-0.80049373146445,NA,NA,-0.405448513587838,0.648196030270077,NA,NA,0.888691898292278,LUNG,female,mtdna
0.584157546640839,-0.184971131801661,0.0241525272199808,-0.664947818622604,-0.313915715338184,-0.396839808134585,0.0518171899289664,-1.42658890709851,-0.673479429097151,0.983725721756807,0.99999426723592,0.435379603994136,0.902568248795186,LUNG,female,clPC1
0.0459164092000209,-0.0742686704407902,-0.0689630905548893,-0.253831497166229,-0.0957045732667233,-0.959213713470729,-0.890689732170594,-3.27834942442875,-1.23606816406512,0.741748714491561,0.785400196516201,0.0129884756967431,0.556015722205842,LUNG,female,clPC2
0.252775180955501,0.00735471400769382,-0.0267729323242289,-0.0346326278197963,-0.0902596502114264,0.162669376736382,-0.592155753443532,-0.765994160520167,-1.99633609532296,0.999460117654112,0.935092818338715,0.85742120695437,0.176551745911752,LUNG,female,clPC3
0.351740974701575,0.123894798574747,0.025409220784292,0.48807514183615,0.279784341902799,0.46860063679365,0.0961039299221768,1.84602037291813,1.05821327681844,0.970535430418188,0.999932776041943,0.22877612277333,0.675896889130429,LUNG,female,CL(72:8)>CL(18:2/18:2/18:2/18:2)
0.397700778530356,0.150180180678099,0.00329991456011758,0.494353232594496,0.174176775443425,0.545384835221151,0.0119837607764715,1.79526189862222,0.632529349383163,0.950493721312095,0.999999983564487,0.249294253608186,0.919866121826068,LUNG,female,CL(74:11)
0.00374057641610922,-0.0346000000000006,0.0196000000000001,0.125,-0.196,-0.493165387815276,0.279365364195933,1.78166686349446,-2.79365364195932,0.964793104298591,0.995598709741309,0.254662102225861,0.0372061233365881,LUNG,male,mt_reads
0.0201035569113143,-0.341221999791061,NA,NA,-0.114181136815694,-3.25965065154404,NA,NA,-1.09075797352814,0.0126285373615802,NA,NA,0.466944282486437,LUNG,male,mtdna
0.49431331809713,0.203069773915094,0.161051468961768,-0.225556183959229,-0.348335787833077,0.560550908934507,0.444564178958031,-0.62262207465208,-0.961541142828521,0.94581525551091,0.975540836026154,0.923747730528685,0.74012393478049,LUNG,male,clPC1
0.284972165682641,-0.0741754515322278,-0.151629234822245,-0.15993175030622,-0.181598172742684,-0.810652924064251,-1.6571342680519,-1.74787127490719,-1.98466051365552,0.832863135649287,0.310482155709806,0.26899253404883,0.180181200882296,LUNG,male,clPC2
0.850583384695208,0.00455496220253426,0.0105698044848048,-0.0357353518978648,0.0130776616057673,0.0942328720751267,0.218667683635564,-0.739291501052977,0.270550129362746,0.999937852351655,0.998283607305852,0.871234017993186,0.996100176871482,LUNG,male,clPC3
0.400230758253979,-0.102076837245472,-0.060294972397255,0.20441017296609,0.245571361460095,-0.47176502529978,-0.278663210440547,0.944715500823936,1.13494875701845,0.969825097458729,0.995641460815183,0.751158898251079,0.623949082809391,LUNG,male,CL(72:8)>CL(18:2/18:2/18:2/18:2)
0.346579278839779,-0.0788904369227641,-0.011684405723928,0.189344494823064,0.303213545402865,-0.380993070148861,-0.0564286088817404,0.914419329037948,1.46433793600178,0.985959454942491,0.999991954914852,0.7704370200174,0.413214944230997,LUNG,male,CL(74:11)
0.00673189741054421,0.0685999999999964,1.2464,1.0742,2.1304,0.120081454833682,2.18177150589956,1.88034254784765,3.72917684224039,0.999837345092541,0.126167203356294,0.216076494034608,0.00465443930817833,HEART,female,mt_reads
0.640145001641248,0.285490226769502,NA,NA,0.314096260189535,0.790962533255997,NA,NA,0.870216737213679,0.654411119339884,NA,NA,0.602962874681369,HEART,female,mtdna
0.155539819397254,0.784702842076896,1.41512613177014,-0.192977025507783,-0.042527578765359,1.10457193383233,1.99197520917458,-0.271640415735178,-0.0598631321300301,0.644515565161402,0.177862597757057,0.996038246823398,0.999989793038184,HEART,female,clPC1
0.141196002861377,0.444063644442445,0.75952412809364,0.431274893759394,-0.150749102883402,1.19116366708625,2.03736008786858,1.15685891065837,-0.404371887786524,0.586088574806926,0.164087084956501,0.609090530641339,0.982554620927859,HEART,female,clPC2
0.380215553944382,-0.461745242490573,-0.19849427935056,-0.393555712547431,-0.412984825628658,-1.78816526266065,-0.768693518653365,-1.52409291821419,-1.59933454909437,0.251931882562034,0.856003791418595,0.379148862468311,0.339358067978797,HEART,female,clPC3
0.368148033579067,-0.206800135942293,-0.242364890208083,-0.275093294779071,0.138240716179077,-0.872499918490876,-1.02254936143084,-1.16063210586623,0.583244363204973,0.796555246912851,0.699894928764383,0.606555022631153,0.938196396469176,HEART,female,CL(72:8)>CL(18:2/18:2/18:2/18:2)
0.0709688691120779,0.177363414022217,-0.269315486903752,0.275882285835436,0.462985204420324,0.718633671529726,-1.09120123910795,1.11780832068951,1.87590410993578,0.881557470995716,0.653627232767739,0.635538884090746,0.217303286629357,HEART,female,CL(74:11)
0.122880648844536,0.232589323775271,0.502353137208034,-0.191641898443103,-0.107456938283859,0.840963242170146,1.81633669217335,-0.692911392640148,-0.388527442902686,0.815367918512856,0.240172276480772,0.893752136545834,0.984916520894292,HEART,female,CL(74:9)
0.000191179804511548,1.68880000000001,2.90440000000001,1.76360000000001,-0.181399999999993,2.80795490881714,4.82912377852231,2.93232429961506,-0.301612399608838,0.0360476701826911,0.000379241326207924,0.027672373663717,0.994106048248537,HEART,male,mt_reads
0.00306950016181143,0.725907325681316,NA,NA,0.113878249940733,4.10304787070332,NA,NA,0.643674329226804,0.00275228142576911,NA,NA,0.749858647580755,HEART,male,mtdna
0.0860352792608863,0.715151793834305,1.4312368525237,0.476803908363141,0.641079527773805,1.51059635675173,3.02316402435262,1.00714037644605,1.35413545402866,0.386728897548954,0.0229238780467464,0.71021916837263,0.479791660454928,HEART,male,clPC1
0.000135865560324511,0.79829561412584,1.4474881516712,0.0549477346716708,0.0850247804505008,2.80851804796915,5.09247016550593,0.1933139826772,0.299129327775817,0.0362303274888189,0.000198066770577432,0.998938123359156,0.994291831525946,HEART,male,clPC2
0.815665289227711,-0.290473235930163,-0.163703452568065,-0.230276948767824,-0.186436521317294,-1.17475021644881,-0.662059847689337,-0.931300587959204,-0.753998360882076,0.597089318315542,0.907598451927528,0.759709338724354,0.863763105847206,HEART,male,clPC3
2.7756435587577e-05,-0.45682854905305,-0.67332970808409,-0.118058776034328,0.15844307922289,-3.36972704472851,-4.96671526342507,-0.87084279495024,1.16873153005469,0.0105814619149883,0.000251447234938085,0.797466628368665,0.601114538489873,HEART,male,CL(72:8)>CL(18:2/18:2/18:2/18:2)
0.24464239075597,-0.144049140082974,-0.512706914134224,0.0636630758373702,-0.0453622945466226,-0.543789056911209,-1.935481247221,0.240329681591499,-0.171243780814156,0.950931805051128,0.19656987536015,0.997529394028982,0.999340184510917,HEART,male,CL(74:11)
0.0476727884802443,-0.00617416130062676,0.533761209206634,-0.0394909608612508,0.0968728696233789,-0.0312299068650669,2.69985056108213,-0.199751669847639,0.489998649012099,0.9999992417413,0.0451478945007359,0.998793599219028,0.965569622814515,HEART,male,CL(74:9)
0.771895935344268,0.315200000000003,0.347600000000003,0.175200000000001,0.187200000000002,1.08555155916739,1.19713744278738,0.603390333648877,0.644718438693324,0.657368308028988,0.582066482110234,0.931038335628571,0.914820657361932,LIVER,female,mt_reads
0.389183748210758,0.239289283701581,NA,NA,0.0912023541273292,1.4163841212924,NA,NA,0.539838492606854,0.300853655477191,NA,NA,0.814110905635919,LIVER,female,mtdna
0.500806879844226,-0.697344964836592,-0.528133347617423,0.0914864398392805,-0.965023466647136,-1.01170785566918,-0.766215694624844,0.132728498146243,-1.40005574191073,0.707028705670462,0.857267590626789,0.999757972551499,0.451270786679512,LIVER,female,clPC1
0.00028428253962794,-0.82004248893429,-1.35581814780013,-0.620271238527703,0.227612493482745,-2.6990246192528,-4.46243531222136,-2.04151292889269,0.74914621114062,0.0452448780007833,0.000880232594560937,0.163140295214894,0.866280142797425,LIVER,female,clPC2
0.153754393981245,-0.0211941582929488,-0.134545128920979,0.0839604422477458,0.213539369268108,-0.158474357829276,-1.00602970922903,0.627794554724083,1.59669065165426,0.999513090900286,0.710889587361487,0.921692620268992,0.340653283635299,LIVER,female,clPC3
0.198426004408436,0.226921026142975,0.404655093132455,0.391886681673672,-0.0335789077556647,0.991598757060837,1.76826050105935,1.71246513847275,-0.146733001167545,0.720453235054236,0.260240624928179,0.28491977985655,0.999640546475756,LIVER,female,CL(72:8)>CL(18:2/18:2/18:2/18:2)
0.0584379779342531,0.0500570884229647,0.312418509113751,0.258040707626827,-0.453831738240544,0.19286355345531,1.20370852023517,0.994197812476063,-1.74855558853711,0.998946904064892,0.577579428610234,0.718784360208306,0.269240267569692,LIVER,female,CL(74:9)
0.0175496706277731,0.0582000000000003,0.408200000000001,0.3774,0.788649999999996,0.272520330728824,1.9113882990293,1.76716791781886,3.48164084861903,0.996096749676795,0.208237606229154,0.264669645920298,0.00882303210601121,LIVER,male,mt_reads
0.449487347098298,0.200229835771884,NA,NA,-0.00403428067677858,1.14666698114721,NA,NA,-0.021782030642114,0.440547278690224,NA,NA,0.99965759134564,LIVER,male,mtdna
0.315775896149625,-0.745848100896695,-0.229038440251015,-1.48680515333341,-1.2491265575137,-0.948613592492361,-0.291304593206246,-1.89100646116026,-1.49785280047097,0.752471242481175,0.994968505146803,0.215655076267535,0.398579614512949,LIVER,male,clPC1
0.0102077175775344,-0.492685115626737,-1.05053138553571,-0.387486505964867,-0.355176398307994,-1.94375077900159,-4.14457659514048,-1.52871920407766,-1.32110998809414,0.197308620817144,0.00191442049577539,0.381445381298825,0.50552126028908,LIVER,male,clPC2
0.0596360344366323,-0.071191659415371,-0.0591380741150962,0.18452761086635,-0.0522962602902851,-0.786500636313432,-0.653336827710349,2.03859671983494,-0.5447087285385,0.849129945219407,0.913094820980982,0.167115570826452,0.951774345595341,LIVER,male,clPC3
0.50984334503427,0.0319563989192222,0.422690116455072,0.0605724936642567,0.021821864124755,0.118186154873506,1.56325872928099,0.224018674174585,0.0760894343338576,0.999850817795442,0.362914212816041,0.998162957832624,0.999974179636463,LIVER,male,CL(72:8)>CL(18:2/18:2/18:2/18:2)
0.107720224459914,-0.0492484427698336,0.229248850298455,-0.485479491003595,-0.338131664580004,-0.184666290386598,0.859611642095201,-1.82039657743904,-1.1953764721523,0.999136292616812,0.807494173412604,0.242686772763671,0.587927534154273,LIVER,male,CL(74:9)
0.00106855348840107,-0.9528,0.259599999999995,2.53439999999999,3.584,-0.941619007400898,0.256553625442138,2.50465912296056,3.54194219408566,0.753110421911434,0.996820851725364,0.0673384564136507,0.00719651391878195,SKMGN,female,mt_reads
0.00205343935252021,-0.180593681321778,NA,NA,0.375139618119714,-1.48238522939799,NA,NA,3.07929615694482,0.273155256060275,NA,NA,0.0175608964708056,SKMGN,female,mtdna
0.556251329569464,1.22013662095149,1.62539420149255,0.698478121909195,1.13745583977393,1.22592778610955,1.63310885090653,0.701793326201738,1.14285457505899,0.562830947755821,0.322191673659588,0.889629847974807,0.618601560593067,SKMGN,female,clPC1
0.204269879990748,-0.0145962128691906,-0.100210054076954,-0.207083144502662,-1.02843900055848,-0.0305689450338996,-0.209870578236666,-0.43369559751426,-2.15386659269337,0.999999304554187,0.99853697778697,0.977578268809668,0.132745562279582,SKMGN,female,clPC2
0.837990450239689,-0.0817151589401077,-0.0284759433234106,-0.194193122414495,-0.0477395762494936,-0.456733744477556,-0.159161707452158,-1.08541123951271,-0.266832686896984,0.973041632221084,0.999504440482844,0.657521513662039,0.996301071810857,SKMGN,female,clPC3
0.368642067307891,0.311435411093617,0.435211925417427,0.321549462710584,0.563682851792047,1.12169873906783,1.56750533362202,1.15812657784756,2.03021981947722,0.632922604396648,0.355991658643329,0.608307257683304,0.166349569721001,SKMGN,female,CL(72:8)
0.474136214132758,0.161144897445448,0.330719184541687,0.187762203058684,0.348033536949794,0.768511610575179,1.57722358690434,0.895451456206497,1.65979697933661,0.856054941376512,0.350991969932925,0.782305538140924,0.309529234182119,SKMGN,female,CL(74:11)
0.81602690436903,0.195954881415923,0.321160146851606,0.163390607562422,0.289106380178215,0.681730314051083,1.11732152928162,0.568438659969387,1.00580593822885,0.898800988915112,0.635915138014624,0.943190572543732,0.711057121839107,SKMGN,female,CL(74:9)
0.0132010333590205,2.59,2.25219999999999,2.25219999999999,2.971,3.20411190753491,2.7862165398263,2.7862165398263,3.67545037733059,0.0152765227423782,0.0377709267672679,0.0380401662978891,0.00526549670602894,SKMGN,male,mt_reads
5.31401727128124e-05,-0.0185768129257937,NA,NA,0.516751670815344,-0.215913955232932,NA,NA,6.00608390495487,0.966540189150031,NA,NA,0.000117744444829371,SKMGN,male,mtdna
0.537366270094363,-0.908625487339047,-0.221413949479166,-0.256480875873316,0.0383220357271352,-1.51446091028418,-0.369043985833857,-0.427492147378698,0.0638736486263716,0.384683324671305,0.987506684800136,0.978693880098655,0.999986797350878,SKMGN,male,clPC1
0.650533673625415,-0.145465981765563,-0.120230389060978,-0.0525498392625643,-0.0416723113007928,-1.36385250504236,-1.12724992684064,-0.492694092790212,-0.390709122976174,0.473656822246488,0.629216513020146,0.964900859756318,0.984602809651075,SKMGN,male,clPC2
0.317903682380173,-0.391948050629151,-0.302191702308296,-0.325061513193611,-0.215239414480781,-2.05046617934073,-1.58090814398982,-1.7005509733724,-1.12601947922819,0.160414911471376,0.349105044654611,0.290256582800114,0.629978028567795,SKMGN,male,clPC3
0.0521835175471357,-0.412869575026768,-0.227760810641636,-0.00714076489359705,0.116499630451912,-2.31718834506731,-1.27828430042989,-0.0400768140525639,0.653842283898776,0.0972898421234104,0.528227642691563,0.99999794551952,0.911091476468062,SKMGN,male,CL(72:8)
0.139213567327037,-0.246358745203135,-0.15468683601153,-0.00247701675320933,0.104761480398739,-1.75064539278124,-1.09921730833709,-0.0176018836403485,0.744443648021394,0.267910715823317,0.64811132820951,0.999999923417492,0.868540440656606,SKMGN,male,CL(74:11)
0.0597001101704893,-0.414584393113718,-0.0595619341461759,-0.267040940221513,0.0217563573472672,-2.54407475090207,-0.365498593997036,-1.63868231597506,0.133506712549122,0.0624523020206668,0.987934268313831,0.319520097585162,0.999752113518502,SKMGN,male,CL(74:9)
0.42031833336076,-0.494200000000001,-0.458800000000001,-0.149700000000002,-0.187200000000002,-1.6809972140384,-1.56058583933796,-0.4800757750481,-0.636751676382012,0.30366027309372,0.364192293273907,0.968673205830822,0.919837614996452,WATSC,female,mt_reads
0.65453143292896,-0.067216873188892,NA,NA,0.16665096292996,-0.261595740162454,NA,NA,0.64857497720755,0.951422262833351,NA,NA,0.746736169622429,WATSC,female,mtdna
0.11498687758642,-0.568613034636197,0.14211849476795,1.31457419182545,0.523922611087175,-0.896200899984729,0.223995433022393,1.953427985328,0.825763545640649,0.785395590527353,0.99816316928795,0.193578673079786,0.827369187841217,WATSC,female,clPC1
0.00475823393706364,0.122962991877047,-0.104138539472956,0.532510397375958,0.792814092915264,0.535157870723755,-0.453230343487043,2.18503966991939,3.4504747759274,0.954525520483383,0.974409292916714,0.127987305430913,0.00944640332206947,WATSC,female,clPC2
0.0849067234226033,-0.185150330049487,-0.0617069305488879,-0.00765127940447288,-0.712118329164175,-0.686198717620429,-0.22869641441969,-0.0267351861213331,-2.63923204531071,0.898963866529908,0.998010362438799,0.999999603639481,0.0528623080955117,WATSC,female,clPC3
0.22627954881727,0.191835615926472,0.0768642422195871,-0.242693472373903,0.431729330468382,0.717176774066368,0.287356698649891,-0.855418837531446,1.61401858043828,0.88459949386682,0.995219822036036,0.810048655189938,0.336521330567708,WATSC,female,CL(72:8)
0.0614227445022906,-0.279911625901487,0.132970096734672,-0.174635999798412,-0.713168248335401,-1.00370112134096,0.476801328875054,-0.590392709730914,-2.55726345146854,0.716564734464248,0.969440762310546,0.937044399943611,0.0625357254789302,WATSC,female,CL(74:11)
0.976165844008072,-0.0996999999999986,-0.125799999999999,-0.0289999999999999,-0.120200000000001,-0.39528893182094,-0.529025246459831,-0.121953355702187,-0.505475632944932,0.984342850082255,0.956325212277168,0.999831516548685,0.962507354912132,WATSC,male,mt_reads
0.211491148453794,-0.594685363698289,NA,NA,-0.639348411431363,-1.5096993776449,NA,NA,-1.72153984079719,0.267661524922478,NA,NA,0.194219119575895,WATSC,male,mtdna
0.0137912158431512,3.05416812956202,2.88847398683385,0.909567084402353,1.68929692152718,3.28775507483258,3.29800445358343,1.0385263321966,1.92880697420728,0.0135856848880596,0.0132041587105307,0.693434001340815,0.20234700791148,WATSC,male,clPC1
0.00767641008167226,-0.0848956492354584,-0.025244145030155,0.561659179452433,-0.53053055121688,-0.319063485286334,-0.100630260923195,2.23893143185047,-2.11484396611206,0.992913140521085,0.999921475429368,0.115720605867595,0.145624972658809,WATSC,male,clPC2
0.231544815712818,-0.129843728318374,0.248121105654637,-0.232064787552799,-0.317368232659987,-0.48558350513908,0.984198995408562,-0.920509886398282,-1.25887515668787,0.967446479034788,0.729342673104866,0.77025802838432,0.54578256115112,WATSC,male,clPC3
0.114330520771358,-0.100240349433173,-0.468603542403663,0.0104538549219324,0.307241480340957,-0.3512570342595,-1.74166364577828,0.0388539510016894,1.14192759627923,0.989846692523187,0.27581231257344,0.99999823551526,0.623907783762576,WATSC,male,CL(72:8)
0.00251740491101372,0.792168596707468,0.742541753402566,-0.165249107355057,0.780037579365934,2.8032942438476,2.78707209912136,-0.620249533987211,2.92780973427405,0.0379539585518461,0.0391370533331055,0.926128412468391,0.029208680788973,WATSC,male,CL(74:11)
0.00325922297881367,-0.303799999999999,0.4722,-1.0558,0.766399999999998,-0.720004857413389,1.11911222406387,-2.50224202915424,1.81636511758269,0.880894041677571,0.634733990353516,0.0675743629402983,0.24056143620528,SMLINT,female,mt_reads
0.961533476071138,-0.0272000000000023,-0.246350000000001,-0.438400000000003,-0.163200000000001,-0.041716240801733,-0.356215298282706,-0.672367645863174,-0.250297444810378,0.999997653848107,0.989311604177003,0.905031189391748,0.997182440889764,SMLINT,male,mt_reads
0.00955314013480561,0.2438,0.456999999999999,0.824300000000001,0.0820000000000003,1.18483037586928,2.22094947404537,3.77686548200367,0.398507345452343,0.595013972637299,0.119632409170462,0.00477318834081286,0.983844037258739,OVARY,female,mt_reads
0.220501550734546,-0.3346,-0.235800000000001,-0.712,0.1922,-0.861857163690936,-0.607369752535337,-1.83395786176912,0.495065591337112,0.802920651393882,0.929522155649868,0.233577316190962,0.964352156512493,COLON,female,mt_reads
0.0132376087985891,1.73202719719208,NA,NA,0.386852741363594,3.47655424308876,NA,NA,0.736650072781018,0.0108613584801395,NA,NA,0.688071177648368,COLON,female,mtdna
0.527280347833505,0.553699999999998,0.611099999999998,0.282499999999998,0.474899999999999,1.44137894256519,1.59080128553654,0.735397419676112,1.23624861806792,0.412440075066964,0.332104067639247,0.861770309942065,0.538922128795868,COLON,male,mt_reads
0.379224977196178,0.729759613645932,NA,NA,-0.214745648676857,0.975289688032858,NA,NA,-0.300149215797541,0.527667335325344,NA,NA,0.932324663196776,COLON,male,mtdna
0.00431864104511206,0.295200000000002,0.541800000000002,0.128400000000002,0.0278000000000014,2.15312945249463,3.95178027561513,0.936523786247672,0.20276761104117,0.132971508005489,0.00286535752189243,0.756389192568114,0.998718751454276,SPLEEN,female,mt_reads
0.245206502354056,-0.0886728287570584,NA,NA,0.0623144150785615,-1.04002155110106,NA,NA,0.7308702737286,0.496895625553267,NA,NA,0.693605058829912,SPLEEN,female,mtdna
0.501732023695336,0.0757999999999992,0.123199999999999,0.0817999999999985,0.183199999999998,0.740773456261501,1.20400118484719,0.799409877601455,1.79036539824679,0.870587908121884,0.57745028887365,0.839205370770785,0.250957945073889,SPLEEN,male,mt_reads
0.000260596998196047,-0.22912216178577,NA,NA,0.167299461590972,-3.42889553393166,NA,NA,2.50369659664272,0.00927200092204938,NA,NA,0.0498812798096419,SPLEEN,male,mtdna
4.37255368632228e-06,2.10920000000001,3.00300000000001,5.52140000000001,5.5594,2.58099814236116,3.67472853286107,6.75645891486482,6.8029589762197,0.0567104105586936,0.00574470489370338,9.09212828070771e-06,2.62224720448678e-06,SKMVL,female,mt_reads
5.11606048856436e-05,-0.198234987228732,NA,NA,0.439501524087559,-2.13631826974681,NA,NA,4.73637448472433,0.0964514941338418,NA,NA,0.00113857895952107,SKMVL,female,mtdna
0.368331340520225,0.407649999999997,1.26244999999999,3.22665,2.34864999999999,0.223236574729366,0.691340644589939,1.76697238771131,1.28616357472863,0.997856655971969,0.884308597916991,0.252140937123589,0.506744989322848,SKMVL,male,mt_reads
0.0912117026952993,-0.0318494319839626,NA,NA,0.271404695394363,-0.223462219898013,NA,NA,1.90423162818437,0.962825336177782,NA,NA,0.141324813119591,SKMVL,male,mtdna
0.521357719467967,-0.1886,-0.0733999999999999,0.0535999999999999,-0.1274,-1.25522009425132,-0.488510895641816,0.356732752130808,-0.847905832490019,0.54339867607855,0.965968407955941,0.988958410909421,0.811273598227698,BLOOD,female,mt_reads
0.551548750576079,0.0598000000000001,0.0945999999999998,0.317399999999999,-0.0817999999999999,0.249542910961276,0.39476186249058,1.32449698894831,-0.341347995261411,0.997137686846509,0.984007939050652,0.498490604154909,0.990634023245225,BLOOD,male,mt_reads
0.0132195089148043,0.696200000000005,-1.02439999999998,0.811250000000015,-4.81619999999998,0.42014916036413,-0.618214306057171,0.464456928220489,-2.90652454200761,0.977957558835554,0.919521380871098,0.968681356580101,0.0303645265687917,BAT,female,mt_reads
0.0388152176461272,-0.541377401112602,NA,NA,-0.558516263893425,-2.67127864737553,NA,NA,-2.61442476484378,0.0417280596453925,NA,NA,0.0458983192286694,BAT,female,mtdna
5.20294661843423e-06,-2.744,-2.1712,-4.46680000000001,-16.3238,-1.2004630906978,-0.949870795380125,-1.95416491746682,-7.14144293000466,0.579720057188437,0.747804803729034,0.189814443405262,9.12889496329505e-07,BAT,male,mt_reads
0.0131464954378481,-0.147037505951504,NA,NA,-1.05871238680716,-0.456832333520524,NA,NA,-3.28932436021949,0.861652197997439,NA,NA,0.0119620230582903,BAT,male,mtdna
0.0121778421332159,0.82020000000001,1.07340000000001,0.800400000000009,0.160200000000007,2.56888727538912,3.36191611973015,2.50687317144776,0.501750477343757,0.0590798498696551,0.0108579956281235,0.0671309379519479,0.962675939201035,KIDNEY,female,mt_reads
0.121722890735918,0.125573158128613,NA,NA,0.294174575564798,0.955469195496413,NA,NA,2.23833460302492,0.54875065116942,NA,NA,0.0797103264214878,KIDNEY,female,mtdna
0.414071262359029,0.525705627919559,0.743262203818254,0.860909415027673,-0.548778136419466,0.6456928225635,0.912904570163003,1.05740361266547,-0.674031406641214,0.914494651011943,0.771434452524422,0.676463253417651,0.902337899111885,KIDNEY,female,clPC1
0.586446394470944,-0.0630876463602272,0.0154480879725887,0.0927293076343211,0.100281038863495,-0.555532732913799,0.136031680128034,0.816549176635241,0.883047677213611,0.947346603178431,0.999733501365059,0.829580286063672,0.790063717290353,KIDNEY,female,clPC2
0.326233191674885,-0.135591495302799,-0.0845204973080986,-0.325654264804136,-0.231449969028582,-0.841571179142533,-0.52459053145217,-2.02122738606861,-1.43653274796406,0.814980297991272,0.95655232564034,0.168955907547269,0.429493472208021,KIDNEY,female,clPC3
0.565602533307715,0.177293321267308,0.262613227722928,0.310252278589772,0.0732222580683999,0.846143311019572,1.25333782702388,1.48069813561399,0.349457742905681,0.81232133743813,0.54457852495158,0.403721635474685,0.989786313576164,KIDNEY,female,CL(72:8)>CL(18:2/18:2/18:2/18:2)
0.675683637832983,0.182389571471985,-0.0104051353516708,-0.0829978636482345,-0.145031484397019,0.802423910849777,-0.045777449524253,-0.365149552155302,-0.638066803748589,0.837515127279933,0.999996508559993,0.987973726304085,0.917626623475129,KIDNEY,female,CL(74:9)
0.117896145062439,0.606199999999999,0.636200000000004,0.690199999999999,0.925799999999997,1.8197840493713,1.80061691496638,2.07194812087771,2.77920830238856,0.243162485944075,0.250846707513353,0.157349970602059,0.0397782265986689,KIDNEY,male,mt_reads
0.368559806485761,-0.140841102583991,NA,NA,-0.0857633589960223,-1.46223401834084,NA,NA,-0.890408401740359,0.28139708534176,NA,NA,0.589986448966342,KIDNEY,male,mtdna
0.175732330882301,0.801950163288805,-0.464536140606878,-0.789295710327718,-1.21487134369689,0.975416407422515,-0.532703956821899,-0.960024726479923,-1.47765471695855,0.73509763753778,0.955187318457248,0.745083021673029,0.41020264810384,KIDNEY,male,clPC1
0.145473817753309,-0.306669827896213,-0.270281014941516,-0.199168877929701,-0.0896328912313965,-2.40659047081733,-1.9997256771517,-1.56297711775941,-0.703393820608553,0.0839047572105123,0.178772341125024,0.363001166758258,0.891089175350194,KIDNEY,male,clPC2
0.0180258136446659,0.0139224690061973,0.073053640184688,-0.291359577668464,-0.764160090050304,0.0564987351874521,0.27950402468103,-1.18236554275617,-3.1010360697771,0.999992122279377,0.995699656064683,0.596657124715282,0.0200138142451903,KIDNEY,male,clPC3
0.498630933219421,0.333241054534673,-0.0229627465189353,0.128656333032824,0.153725906321649,1.58273923073628,-0.102824933566812,0.6110574396605,0.730126193651352,0.35249869605002,0.999914231108633,0.929673940980713,0.87828257113383,KIDNEY,male,CL(72:8)>CL(18:2/18:2/18:2/18:2)
0.0246334406174528,0.206527307071606,-0.154271484037023,-0.278309919658447,-0.628911231825779,0.880492970412542,-0.620094396498768,-1.18652555601463,-2.68125279164221,0.795036974962499,0.926301483431559,0.593899077847833,0.0487661614799965,KIDNEY,male,CL(74:9)
0.00119190110085696,0.0931999999999999,0.1038,0.0851000000000008,-0.0407999999999999,2.72594362032812,3.03597583465729,2.34668207356992,-1.19333154194622,0.0442480133594412,0.0231965975194992,0.0943738321718994,0.589298496839505,TESTES,male,mt_reads
