kw_p,fc_1w,fc_2w,fc_4w,fc_8w,pval_1w,pval_2w,pval_4w,pval_8w,tstat_1w,tstat_2w,tstat_4w,tstat_8w,tissue,sex,biomarker
0.568071955517503,-0.1886,-0.0733999999999999,0.0535999999999999,-0.1274,0.543474678868157,0.965958490715383,0.988966480326119,0.811271133717686,-1.25522009425132,-0.488510895641816,0.356732752130808,-0.847905832490019,BLOOD,female,mt_reads
0.599718739406145,0.0598000000000001,0.0945999999999998,0.317399999999999,-0.0817999999999999,0.997141694571587,0.984021366545365,0.498499818550011,0.990610953505026,0.249542910961276,0.39476186249058,1.32449698894831,-0.341347995261411,BLOOD,male,mt_reads
0.231917808718747,0.331400000000006,0.450200000000008,-0.435999999999993,0.0830000000000073,0.835413047078987,0.650901655186629,0.674216351944856,0.998741164433102,0.806210905433322,1.09522072910707,-1.0606757838531,0.201917637751872,HIPPOC,female,mt_reads
0.173773943450445,0.159800148021171,NA,NA,0.208119201821594,0.285861034379408,NA,NA,0.143939425057234,1.45150755041246,NA,NA,1.89040245938843,HIPPOC,female,mtdna
0.144279453884233,-0.2098,-0.00879999999999903,0.115400000000001,0.532199999999994,0.850555442612191,0.999999092778307,0.978543050816146,0.183135162408,-0.778765528639938,-0.0326650936703085,0.428358160176596,1.97549577856135,HIPPOC,male,mt_reads
0.73344695622429,-0.0122798915542148,NA,NA,0.0562065126156472,0.994554789082692,NA,NA,0.894078913473244,-0.0862319946906392,NA,NA,0.394694014686821,HIPPOC,male,mtdna
0.743203716574679,0.0516000000000041,0.118800000000009,0.396800000000004,0.467600000000006,0.999723046116068,0.992961153338597,0.677204335401746,0.550165477608333,0.137364212359034,0.316257140082426,1.05632014465234,1.24479662207519,CORTEX,female,mt_reads
0.852143788966211,-0.0248048783478545,NA,NA,0.0126457213284024,0.892943029698468,NA,NA,0.970517909147535,-0.396978374022263,NA,NA,0.20238268540922,CORTEX,female,mtdna
0.921226965025975,-0.135199999999998,-0.00999999999999979,-0.303199999999999,0.166799999999999,0.991504811286368,0.999999708440715,0.86785754381792,0.981610962300278,-0.332574445388166,-0.0245987015819648,-0.745832631965186,0.410306342387179,CORTEX,male,mt_reads
0.00918668615624469,0.0722826004280321,NA,NA,0.277820015194129,0.743299057990414,NA,NA,0.0490138153908701,0.653958581228164,NA,NA,2.51350645794808,CORTEX,male,mtdna
0.12784436333161,0.503450000000003,0.389650000000003,-0.178249999999997,0.180450000000004,0.219400767643425,0.417382946004868,0.916388925295837,0.898036328418737,1.86277845514188,1.44171541373728,-0.625684871567024,0.667669822684193,HYPOTH,female,mt_reads
0.0163609620772756,-0.264875268948282,NA,NA,-0.0230934621873615,0.0244823292512759,NA,NA,0.951806988710718,-2.93066362788052,NA,NA,-0.255513358959719,HYPOTH,female,mtdna
0.111489015947123,-0.0978499999999993,0.25975,0.17535,0.0559499999999975,0.788604665866863,0.100696728160725,0.356320501227685,0.960673000385043,-0.86118822458278,2.28608729009074,1.54327394154922,0.492421882119619,HYPOTH,male,mt_reads
0.344153786865412,0.0232762004184863,NA,NA,0.286945341360486,0.995879748260509,NA,NA,0.639871752856008,0.0733748648843259,NA,NA,0.809057518800233,HYPOTH,male,mtdna
0.00638542835476231,-0.9528,0.259599999999995,2.53439999999999,3.584,0.753059836765745,0.996817750941468,0.0674515543275415,0.00721269175392902,-0.941619007400898,0.256553625442138,2.50465912296056,3.54194219408566,SKMGN,female,mt_reads
0.00927901388706471,-0.180593681321778,NA,NA,0.375139618119714,0.273155256060275,NA,NA,0.0175608964708056,-1.48238522939799,NA,NA,3.07929615694482,SKMGN,female,mtdna
0.826804966208318,0.130617019605018,0.140816503748199,-0.0282154996985167,0.125648482259084,0.97919080901241,0.972825350992203,0.99994420586491,0.981903657824633,0.424664693973164,0.457825462955995,-0.0917348028687537,0.408510884937514,SKMGN,female,CL(70:7)
0.250846095235632,0.161144897445448,0.330719184541687,0.187762203058684,0.348033536949794,0.856095204721848,0.350814704960954,0.782351669369489,0.309225165865228,0.768511610575179,1.57722358690434,0.895451456206497,1.65979697933661,SKMGN,female,CL(74:11)
0.377483181122495,0.195954881415923,0.321160146851606,0.163390607562422,0.289106380178215,0.898840036898377,0.635989311680452,0.943161380013842,0.711035615183356,0.681730314051083,1.11732152928162,0.568438659969387,1.00580593822885,SKMGN,female,CL(74:9)
0.0703322955896413,0.486561368301677,0.606161835484708,0.326375088207687,0.404687047500829,0.34427161191728,0.181568695739914,0.670372092165847,0.499939415325513,1.58977126906554,1.98054908021414,1.0663849865072,1.32225836861114,SKMGN,female,CL(76:12)
0.140210202870308,0.447511137878096,0.530642701531351,0.0648876170872459,-0.522988521171677,0.86066859279083,0.778884483688582,0.999884088465513,0.786982463283888,0.759880051203466,0.901038586709385,0.110180063961131,-0.888041683456412,SKMGN,female,CL(72:7)
0.168649936301361,0.329279317624125,0.457130426892769,0.120119058069282,0.606117118045122,0.763077381976334,0.523505004948668,0.990993790021003,0.288666813298052,0.926087708943124,1.28566492661578,0.337831067224117,1.70468530259275,SKMGN,female,CL(72:6)
0.15015795451353,0.311435411093617,0.435211925417427,0.321549462710584,0.563682851792047,0.632973065642408,0.355925344614538,0.608276856867851,0.166074696023712,1.12169873906783,1.56750533362202,1.15812657784756,2.03021981947722,SKMGN,female,CL(72:8)
0.0833780844890382,0.459449002137162,0.652611985110664,0.131869313332254,0.441574926344093,0.515834801515976,0.230325172500884,0.987069111103724,0.548756100179903,1.29765938005565,1.84322538535576,0.372449282926097,1.24717616645673,SKMGN,female,CL(74:8)
0.0919395382347589,0.426049958500323,0.599394123208583,0.173889456508215,0.496117544402035,0.457972887317137,0.189932525881168,0.943642968369724,0.329870429958632,1.38946256238194,1.95478412259825,0.567099902231125,1.61797165035275,SKMGN,female,CL(74:10)
0.0819043278279176,0.504417633908827,0.670074591065875,0.300154846293641,0.461306351665291,0.339807845353312,0.140708288579538,0.747009948852547,0.414699421675274,1.59816492251518,2.12302194634168,0.950991627616523,1.46157386301482,SKMGN,female,CL(74:10)A
0.284342661211384,0.431829695147734,0.526542716036508,0.481293864402156,0.677862527472334,0.645166347501143,0.484924610976897,0.560025266015914,0.275797699864684,1.10365756666173,1.34572230500615,1.23007662790207,1.73246100489996,SKMGN,female,CL(76:11)
0.0413286629080307,2.59,2.25219999999999,2.25219999999999,2.971,0.0156250820568463,0.0376335362764056,0.0375900570434433,0.0053002670760709,3.20411190753491,2.7862165398263,2.7862165398263,3.67545037733059,SKMGN,male,mt_reads
0.00900477758243655,-0.0185768129257937,NA,NA,0.516751670815344,0.966540189150031,NA,NA,0.000117744444829371,-0.215913955232932,NA,NA,6.00608390495487,SKMGN,male,mtdna
0.0935821830681813,-0.387596729035888,-0.275374465026353,-0.180026387757568,-0.509187391568772,0.103731875485842,0.327200952835675,0.673859625986075,0.0238356480215394,-2.28479881130304,-1.62327285867566,-1.06121658398615,-3.00154944516858,SKMGN,male,CL(70:7)
0.206718085529878,-0.246358745203135,-0.15468683601153,-0.00247701675320933,0.104761480398739,0.267708202815005,0.648161419636452,0.999999923551308,0.868627669531533,-1.75064539278124,-1.09921730833709,-0.0176018836403485,0.744443648021394,SKMGN,male,CL(74:11)
0.0697021560498786,-0.414584393113718,-0.0595619341461759,-0.267040940221513,0.0217563573472672,0.0623521205141844,0.987925308799841,0.319770596211375,0.999752378191968,-2.54407475090207,-0.365498593997036,-1.63868231597506,0.133506712549122,SKMGN,male,CL(74:9)
0.732815878080625,-0.11827095447388,0.132522861064434,-0.130355006781257,-0.0140848596282552,0.959730177155765,0.941047587674205,0.944191588385219,0.999988946863764,-0.51307764719168,0.574904616746506,-0.565500130412439,-0.061102294060595,SKMGN,male,CL(76:12)
0.18397253270655,-0.489773548960827,-0.177374928175502,-0.163349327322409,0.00366206268829128,0.0435854652346525,0.724729495909959,0.774995309901845,0.999999863382032,-2.72022842799461,-0.985149816808696,-0.907250881185816,0.0203392915989938,SKMGN,male,CL(72:7)
0.534927408301679,-0.283028842398651,0.0386404724989244,-0.175373723340978,-0.0803220693618032,0.578969368253586,0.999441674455351,0.868661105235552,0.99067541126249,-1.20160941770398,0.164049555040898,-0.744555628318306,-0.341010316039347,SKMGN,male,CL(72:6)
0.0474416711587274,-0.412869575026768,-0.227760810641636,-0.00714076489359705,0.116499630451912,0.0975033791681474,0.528169999468528,0.999997949037211,0.910969323443502,-2.31718834506731,-1.27828430042989,-0.0400768140525639,0.653842283898776,SKMGN,male,CL(72:8)
0.426017346645715,-0.276309486977607,-0.212697521824119,-0.201322355031508,0.0263576425044247,0.391179964736892,0.608958149314006,0.650867621935232,0.999672031655109,-1.50314976681009,-1.15709465436096,-1.09521267014547,0.143388070447978,SKMGN,male,CL(74:8)
0.276180615844923,-0.148368422346643,0.0323080922750298,0.0180579413719002,0.183788709079572,0.784691362706312,0.998919826414549,0.999891032954992,0.644642367623711,-0.891605780470554,0.194152376717272,0.108517463864162,1.10446059079684,SKMGN,male,CL(74:10)
0.702974385374934,-0.10885417067863,0.108617195216452,0.0112117245835046,0.179713719218833,0.991467022129518,0.991526333578104,0.999998900063436,0.949202916916928,-0.332903016805408,0.332178287143914,0.0342882308888214,0.549609067951079,SKMGN,male,CL(74:10)A
0.882335409875272,-0.270363299288562,-0.0781756500318931,0.12972711881951,0.0222221598179573,0.826837435189163,0.99763915076735,0.984120618795456,0.9999835414284,-0.82130783671834,-0.237481470971458,0.394084180810492,0.0675063296509634,SKMGN,male,CL(76:11)
0.000756632628472017,2.10920000000001,3.00300000000001,5.52140000000001,5.5594,0.05700899176785,0.00567002873255162,4.58244077139458e-06,2.97446002850421e-06,2.58099814236116,3.67472853286107,6.75645891486482,6.8029589762197,SKMVL,female,mt_reads
0.00591656047368188,-0.198234987228732,NA,NA,0.439501524087559,0.0964514941338418,NA,NA,0.00113857895952107,-2.13631826974681,NA,NA,4.73637448472433,SKMVL,female,mtdna
0.362935176230662,0.407649999999997,1.26244999999999,3.22665,2.34864999999999,0.997858259897463,0.884297278647072,0.252094720513442,0.506760294888257,0.223236574729366,0.691340644589939,1.76697238771131,1.28616357472863,SKMVL,male,mt_reads
0.0770841849855815,-0.0318494319839626,NA,NA,0.271404695394363,0.962825336177782,NA,NA,0.141324813119591,-0.223462219898013,NA,NA,1.90423162818437,SKMVL,male,mtdna
0.0308102725750296,0.0685999999999964,1.2464,1.0742,2.1304,0.999837131781661,0.125902428026029,0.215855912507869,0.0046982848329713,0.120081454833682,2.18177150589956,1.88034254784765,3.72917684224039,HEART,female,mt_reads
0.778800783071405,0.285490226769502,NA,NA,0.314096260189535,0.654411119339884,NA,NA,0.602962874681369,0.790962533255997,NA,NA,0.870216737213679,HEART,female,mtdna
0.382233021442796,-0.370387097351069,-0.430030214604048,-0.459421418624424,-0.230822666246569,0.343440859752676,0.228150219173534,0.183945321957615,0.720420049521558,-1.59125122172011,-1.84748904391952,-1.9737590723296,-0.991656708055912,HEART,female,CL(70:7)
0.0952522859196772,0.412222997524451,0.633298360359831,0.00763218558015932,0.0398639061958592,0.396712864740873,0.101874970569071,0.999999535392789,0.999662821030252,1.49278682280434,2.29336900882798,0.0276385018101358,0.14435951956115,HEART,female,CL(72:6)>CL(18:1_18:1_18:2_18:2)
0.807021392241731,0.211824639134274,0.310906173938072,-0.120881198775008,0.0206188039007564,0.855170182045857,0.626964525295087,0.976487610416793,0.999974942312142,0.770216777390587,1.13048771068423,-0.43953681567978,0.0749721503550975,HEART,female,CL(72:7)>CL(18:1_18:2_18:2_18:2)
0.456821889502448,-0.206800135942293,-0.242364890208083,-0.275093294779071,0.138240716179077,0.796372293259814,0.699858894260971,0.606659689708449,0.938216152500474,-0.872499918490876,-1.02254936143084,-1.16063210586623,0.583244363204973,HEART,female,CL(72:8)>CL(18:2/18:2/18:2/18:2)
0.673328670021698,-0.142770114483668,-0.243460317492386,-0.197262273505647,0.0514694149513542,0.926978870570525,0.68315311012304,0.810709998518657,0.998196149006452,-0.614314943403679,-1.04756735471054,-0.848785215467237,0.221463930649705,HEART,female,CL(72:9)
0.0879504311498022,0.284774761809976,0.279321387804788,-0.0888324135119563,-0.127858644517416,0.37989903523293,0.396158023416704,0.969052537822955,0.897899056190391,1.52337067485495,1.49419846174969,-0.475199041026684,-0.683965490293362,HEART,female,CL(74:10)>CL(18:1_18:2_18:2_20:5)
0.0762511815139222,0.177363414022217,-0.269315486903752,0.275882285835436,0.462985204420324,0.881491433361936,0.653567428867841,0.635588184687891,0.2176060956389,0.718633671529726,-1.09120123910795,1.11780832068951,1.87590410993578,HEART,female,CL(74:11)
0.709745315789534,-0.0127083718349752,0.227640613752208,-0.223768110419803,0.0584384961126387,0.999997132612116,0.849596042452685,0.856722782573908,0.998778184993466,-0.043577708799638,0.780592235251037,-0.76731320747812,0.200388830241551,HEART,female,CL(74:8)>CL(18:2_18:2_18:2_20:2)_and_CL(18:1_18:2_18:2_20:3)
0.0995503463445463,0.232589323775271,0.502353137208034,-0.191641898443103,-0.107456938283859,0.815402550214092,0.240152449679048,0.893799923210461,0.984920983053525,0.840963242170146,1.81633669217335,-0.692911392640148,-0.388527442902686,HEART,female,CL(74:9)
0.0143433272056125,0.617229928801287,1.03971332818245,0.00676723826909331,-0.00697339262617991,0.395797089593879,0.0655583413063423,0.999999942472041,0.999999935197829,1.49478084045194,2.51793292905923,0.0163886059884671,-0.0168878617257046,HEART,female,CL(76:11)>CL(18:1_18:2_18:2_22:6)
0.463386413260758,0.464527702871328,0.617266119502201,0.293988619015844,0.159788576438554,0.357706403614959,0.15246331119626,0.72166769038573,0.952703863119687,1.56394786958248,2.07817967926085,0.989785693187566,0.537967923462934,HEART,female,CL(76:12)
0.00126944727667845,1.68880000000001,2.90440000000001,1.76360000000001,-0.181399999999993,0.0361767522917076,0.000350059147796067,0.027929328019219,0.994103439781419,2.80795490881714,4.82912377852231,2.93232429961506,-0.301612399608838,HEART,male,mt_reads
0.0305008721712175,0.725907325681316,NA,NA,0.113878249940733,0.00275228142576911,NA,NA,0.749858647580755,4.10304787070332,NA,NA,0.643674329226804,HEART,male,mtdna
0.142231505153763,-0.348216122312222,-0.459140712111465,-0.172126368598506,-0.348282604259961,0.1097448879294,0.0250447936855678,0.637741298951586,0.109755703566008,-2.25489515956125,-2.97319424047044,-1.11461500635982,-2.25532566754911,HEART,male,CL(70:7)
0.290405485840931,0.233141216929128,0.574845980153407,0.15825815425075,0.168117469136067,0.721111611238549,0.0763276341501862,0.902960982172009,0.88367968702419,0.990644301730113,2.44258781056524,0.67245740918685,0.714350791398506,HEART,male,CL(72:6)>CL(18:1_18:1_18:2_18:2)
0.55074488182249,0.0575192047435813,0.227079219207182,0.0895126410571709,0.231498562272517,0.988591524351531,0.438331038074618,0.945784168657076,0.421983794747575,0.360069758114016,1.42151408207315,0.560348411583333,1.44917913404408,HEART,male,CL(72:7)>CL(18:1_18:2_18:2_18:2)
0.00200501823878155,-0.45682854905305,-0.67332970808409,-0.118058776034328,0.15844307922289,0.0108483263107513,0.00024186347555033,0.797535613577001,0.601056164662035,-3.36972704472851,-4.96671526342507,-0.87084279495024,1.16873153005469,HEART,male,CL(72:8)>CL(18:2/18:2/18:2/18:2)
0.0205118646564194,-0.293916915900049,-0.692287395013332,0.303991096042949,0.1003690007175,0.632013277207074,0.0505522154588824,0.605944562886549,0.985616222711475,-1.12307653088307,-2.64527723280155,1.16157065855766,0.383516779865581,HEART,male,CL(72:9)
0.564334162483546,0.13125220435767,0.146833820766384,0.199739740191958,0.0757250605509032,0.519036091085703,0.423989267546644,0.186019300750661,0.868013549974497,1.29234676659833,1.44576782099298,1.96669464457023,0.745610617607151,HEART,male,CL(74:10)>CL(18:1_18:2_18:2_20:5)
0.418812889961687,-0.144049140082974,-0.512706914134224,0.0636630758373702,-0.0453622945466226,0.950972148064217,0.196427918613873,0.997526841312187,0.999339252628789,-0.543789056911209,-1.935481247221,0.240329681591499,-0.171243780814156,HEART,male,CL(74:11)
0.908017901590345,0.118594653808088,0.0356188592737601,-0.0675027386569376,0.160823230487688,0.966031687922158,0.999641318721977,0.995683432933986,0.90756627566677,0.48825830876413,0.146644080746307,-0.277911119559552,0.662114825639358,HEART,male,CL(74:8)>CL(18:2_18:2_18:2_20:2)_and_CL(18:1_18:2_18:2_20:3)
0.0331934504206461,-0.00617416130062676,0.533761209206634,-0.0394909608612508,0.0968728696233789,0.999999241980285,0.0452914770166029,0.998793462257999,0.965579150114867,-0.0312299068650669,2.69985056108213,-0.199751669847639,0.489998649012099,HEART,male,CL(74:9)
0.00579355352098717,0.778786658698801,1.25352108907816,0.414744365602286,0.42506705783926,0.0114925309490849,0.000183686017346307,0.259148908187606,0.240951950125416,3.32528207230527,5.35231460145019,1.77088550262428,1.81496158308884,HEART,male,CL(76:11)>CL(18:1_18:2_18:2_22:6)
0.0220512047777678,0.47759562584341,0.729939335259836,0.412826789073351,0.461848770441588,0.0260249748373946,0.000649619702197013,0.0604961521890209,0.0319424190430366,2.95953074995009,4.52323637697617,2.55817580931181,2.86195175161984,HEART,male,CL(76:12)
0.0243104326320491,0.82020000000001,1.07340000000001,0.800400000000009,0.160200000000007,0.0592660435829188,0.0108119644376831,0.0671267458929944,0.96267680845929,2.56888727538912,3.36191611973015,2.50687317144776,0.501750477343757,KIDNEY,female,mt_reads
0.264477261299823,0.125573158128613,NA,NA,0.294174575564798,0.54875065116942,NA,NA,0.0797103264214878,0.955469195496413,NA,NA,2.23833460302492,KIDNEY,female,mtdna
0.580626018028994,0.190261803382292,0.213684603342134,0.191863098029559,-0.135432158698437,0.782817279004561,0.711673171466817,0.778107986171368,0.918113482542135,0.894722622414742,1.00487036952853,0.902252849294717,-0.636881465621772,KIDNEY,female,CL(72:6)>CL(18:1_18:1_18:2_18:2)
0.424982614888164,0.148986162862091,0.247622832741191,0.290108926673781,-0.0809289854584971,0.892260718820934,0.609047070675622,0.47882542008558,0.986337078071142,0.696138582527621,1.15701891017551,1.35553539411735,-0.378141084649759,KIDNEY,female,CL(72:7)>CL(18:1_18:2_18:2_18:2)
0.626932140564789,0.177293321267308,0.262613227722928,0.310252278589772,0.0732222580683999,0.812292648280419,0.544530931781969,0.403795391103414,0.9897624633545,0.846143311019572,1.25333782702388,1.48069813561399,0.349457742905681,KIDNEY,female,CL(72:8)>CL(18:2/18:2/18:2/18:2)
0.268933578603372,-0.0422023084304772,0.20047141194225,0.184486115908975,-0.188041887908139,0.996894732073309,0.572719524427428,0.637888402203193,0.623265192494438,-0.254926086406298,1.21096201566727,1.11440168261056,-1.13588057970438,KIDNEY,female,CL(74:10)>CL(18:1_18:2_18:2_20:5)
0.524136152313245,0.182389571471985,-0.0104051353516708,-0.0829978636482345,-0.145031484397019,0.837558170986563,0.999996498014973,0.987972144880449,0.917576119858691,0.802423910849777,-0.045777449524253,-0.365149552155302,-0.638066803748589,KIDNEY,female,CL(74:9)
0.537343351022674,0.0292151356132671,0.243232608079286,0.25369157848427,-0.248914218224485,0.999869515559156,0.750790691338532,0.724352319854051,0.736516556269233,0.113523561563771,0.94514816987761,0.985789417838296,-0.967225651482963,KIDNEY,female,CL(76:12)
0.534927408301679,0.185838549977514,0.202074550209515,0.206060867467052,-0.185624674242536,0.82844262029097,0.785775573683957,0.774842150915179,0.829003351181034,0.818468115765204,0.889974530979149,0.907531025985235,-0.817526166584929,KIDNEY,female,CL(70:4)
0.248827942633896,0.0507650590971815,0.244138804281814,0.216320540942868,-0.320908077749681,0.998646736942888,0.722252729473259,0.794189501576594,0.51421604186672,0.205637689560314,0.988950678623701,0.876265231145933,-1.29992551655179,KIDNEY,female,CL(70:5)
0.142231505153763,-0.0349829235586494,0.080871729863019,0.0380380748817579,-0.497882129149752,0.999555318441087,0.988820664699508,0.999382125140737,0.120978557412839,-0.154844513821743,0.357961611515066,0.168367495126764,-2.20376996506532,KIDNEY,female,CL(70:6)
0.331635407559297,0.0365282203238824,-0.00814501762111242,0.0729714399520134,-0.3009461971081,0.999228444470348,0.999998020845425,0.989055711513214,0.411320248607243,0.178111944202046,-0.0397151821576088,0.355809424216005,-1.46741647394441,KIDNEY,female,CL(70:7)>CL(16:1_18:2_18:2_18:2)
0.490289056517484,0.0444909329495831,0.188247935188776,0.262018646195258,-0.105183216664065,0.998432863755317,0.777044292414666,0.541319240324498,0.961791947663444,0.21363627247587,0.903927710857009,1.25815943117582,-0.50506808568381,KIDNEY,female,CL(74:7)
0.271812769728111,0.253794815861641,0.231817361692781,0.495675712793914,0.126989558185283,0.64838471246886,0.71242445248351,0.134569756967777,0.94909892306307,1.09890960884175,1.0037491325253,2.14623297883148,0.549853807055118,KIDNEY,female,CL(74:8)>CL(18:1_18:2_18:2_20:3)_and_CL(18:2_18:2_18:2_20:2)
0.296576274818235,0.404799583219402,0.627650694889121,0.474964437115469,0.240760361269827,0.397708197436713,0.0982022106424094,0.268070372620862,0.787418434936644,1.4916313102407,2.3128072932909,1.75017923688991,0.887169127692236,KIDNEY,female,CL(74:9)>CL(18:1_18:2_18:2_20:4)_and_CL(18:2_18:2_18:2_20:3)
0.686769465098575,0.200050740295134,-0.136653181023269,0.109448429407379,-0.119251216982811,0.898441271110077,0.971074116964909,0.98693555512706,0.982181741187646,0.68246613237024,-0.466187567171474,0.373379504626949,-0.406821372990857,KIDNEY,female,CL(74:10)>CL(18:2_18:2_18:2_20:4)
0.750470056511219,0.127849056841251,0.11258008691008,0.189800275204004,-0.129052980798722,0.958669785340017,0.973382958895798,0.856695916590731,0.957346216435002,0.5169406490172,0.455202600876224,0.767432156886615,-0.521808555338286,KIDNEY,female,CL(74:11)>CL(18:2_18:2_18:2_20:5)
0.355320788430034,0.146763240346152,0.216407239510813,0.292247267749356,-0.148124575398013,0.872045122808343,0.655855010900556,0.410554855051825,0.868550036465234,0.737734360263659,1.08781365156824,1.46903850448766,-0.744577379273191,KIDNEY,female,CL(76:13)
0.275204875978147,0.606199999999999,0.636200000000004,0.690199999999999,0.925799999999997,0.243028441203486,0.250665386322856,0.157291017316602,0.0398010344942222,1.8197840493713,1.80061691496638,2.07194812087771,2.77920830238856,KIDNEY,male,mt_reads
0.310366941265486,-0.140841102583991,NA,NA,-0.0857633589960223,0.28139708534176,NA,NA,0.589986448966342,-1.46223401834084,NA,NA,-0.890408401740359,KIDNEY,male,mtdna
0.0625145581052464,0.218085076315303,-0.0880164521178202,-0.320342162602598,-0.441993019556799,0.630423026938614,0.978632348428184,0.312354124344345,0.104279860979483,1.13212118415979,-0.43077904250804,-1.6629572027094,-2.29446997999787,KIDNEY,male,CL(72:6)>CL(18:1_18:1_18:2_18:2)
0.29298753768919,0.250523812168339,0.0428147368378511,-0.0919217319950079,-0.146663115017152,0.521356339541478,0.998602179367997,0.969639847146757,0.863667601236845,1.29637696934532,0.208881180427742,-0.475664230514695,-0.758932585749258,KIDNEY,male,CL(72:7)>CL(18:1_18:2_18:2_18:2)
0.469865470466524,0.333241054534673,-0.0229627465189353,0.128656333032824,0.153725906321649,0.352551076643573,0.999914504412252,0.929679201256586,0.878231450148421,1.58273923073628,-0.102824933566812,0.6110574396605,0.730126193651352,KIDNEY,male,CL(72:8)>CL(18:2/18:2/18:2/18:2)
0.243535150413127,0.0198510219941523,0.109020997442524,-0.225692931604427,-0.212990570478719,0.999827863101621,0.920564489687727,0.459749837778512,0.508906878952651,0.12262705276231,0.634946757667064,-1.39418811989072,-1.31572097052043,KIDNEY,male,CL(74:10)>CL(18:1_18:2_18:2_20:5)
0.0541120436390137,0.206527307071606,-0.154271484037023,-0.278309919658447,-0.628911231825779,0.795019664759642,0.92631263850104,0.593919965849593,0.0485640619430421,0.880492970412542,-0.620094396498768,-1.18652555601463,-2.68125279164221,KIDNEY,male,CL(74:9)
0.341008798153201,0.310364992777805,-0.0138722848039494,-0.169976713381912,-0.309070919577203,0.592401490913252,0.999995125609476,0.914039678724409,0.595744899315825,1.18871053335935,-0.0500927779542369,-0.651017718894397,-1.18375418041914,KIDNEY,male,CL(76:12)
0.186384385857423,0.302485735867737,-0.0541542943159152,-0.186588201344606,-0.325260170063542,0.457419558160783,0.997752798726244,0.805794210090357,0.395498944096844,1.39817902636355,-0.236001369473224,-0.8624661554322,-1.50344923402648,KIDNEY,male,CL(70:4)
0.238589130143497,0.250277660881292,-0.00817877218362018,-0.258459643726237,-0.472512349648317,0.773551776790835,0.999999510254457,0.754699363617139,0.281739500573115,0.915234494208544,-0.0281982490870501,-0.945154994921025,-1.72791930296482,KIDNEY,male,CL(70:5)
0.0325773064313217,0.181793048022646,-0.087346047350163,-0.352791666039866,-0.656134775666001,0.866557379821768,0.990880160865967,0.419185321591256,0.0449352523044109,0.753390283506203,-0.341279136321753,-1.46204608035006,-2.71916649197558,KIDNEY,male,CL(70:6)
0.0363140711367535,0.158035215231079,-0.145069848083152,-0.266014064521527,-0.649082540359919,0.873253973167216,0.918178396145191,0.554252638357121,0.0227850948384588,0.740304974454044,-0.640704376262335,-1.24612438406258,-3.04058201684416,KIDNEY,male,CL(70:7)>CL(16:1_18:2_18:2_18:2)
0.399415036321195,0.159116396326577,-0.192259503210982,-0.271111363503982,-0.105243552447309,0.887506852619856,0.836228505012371,0.577202802916952,0.970859019914083,0.710982241167832,-0.809944710199929,-1.21141107566633,-0.470261384212571,KIDNEY,male,CL(74:7)
0.726930613250715,-0.122784743298747,-0.314064521744847,-0.27528340916867,-0.203830559462156,0.937235857161082,0.442402697216377,0.504266675005488,0.732384819656399,-0.590083662562889,-1.42302261476592,-1.3229676420776,-0.979576776709349,KIDNEY,male,CL(74:8)>CL(18:1_18:2_18:2_20:3)_and_CL(18:2_18:2_18:2_20:2)
0.268933578603375,0.26584526836838,-0.652200769382245,-0.295734193202564,-0.48903480967383,0.8638344816671,0.270051659356072,0.816662928185319,0.458649221664926,0.758788455760488,-1.75507962925663,-0.844098874330155,-1.39582686697036,KIDNEY,male,CL(74:9)>CL(18:1_18:2_18:2_20:4)_and_CL(18:2_18:2_18:2_20:3)
0.738517952187929,0.325942896544006,0.207797126121629,0.021985212543675,-0.00657571381110333,0.591260719964271,0.885367483112573,0.99996796120992,0.999999742078401,1.19034928638214,0.715477813176458,0.0802903893283343,-0.0240146244188612,KIDNEY,male,CL(74:10)>CL(18:2_18:2_18:2_20:4)
0.888358188980246,0.150452155512529,-0.224714488345685,0.00332250359533859,0.122085838207965,0.961904088574599,0.885444396311012,0.99999998771427,0.981745285074354,0.508076312237095,-0.715459980390091,0.0112200810175401,0.412283375015603,KIDNEY,male,CL(74:11)>CL(18:2_18:2_18:2_20:5)
0.263451006426652,0.112284570820857,-0.0749138044430246,-0.201675547965182,-0.118469403876924,0.877340781854597,0.972942445252119,0.509657869025139,0.856691528754214,0.732031307089732,-0.460463450414317,-1.31480945160781,-0.772352888167758,KIDNEY,male,CL(76:13)
0.245681908457706,-4.7687,-4.4532,-4.92860000000001,-6.499,0.18473084376197,0.191104801863161,0.13123871984163,0.0333650113347216,-1.98126042411881,-1.96241124789131,-2.17190785869872,-2.86394293991863,ADRNL,female,mt_reads
0.153683936973138,-0.297845601901829,NA,NA,-0.13598308546994,0.0866196012241454,NA,NA,0.48245281822648,-2.216539384081,NA,NA,-1.07336001589233,ADRNL,female,mtdna
0.0101254944395292,9.68780000000001,4.25180000000001,2.4568,2.71520000000001,0.00232473133538547,0.26203156893421,0.70201555149428,0.629788982472135,4.01897977888154,1.76385745203746,1.01920245264727,1.12639958459291,ADRNL,male,mt_reads
0.133988674668805,0.212740135167484,NA,NA,0.233591270426208,0.317415651111655,NA,NA,0.260511028850377,1.37906799535293,NA,NA,1.51423352619854,ADRNL,male,mtdna
0.206400490548969,-0.3346,-0.235800000000001,-0.712,0.1922,0.80285112540199,0.929553045040889,0.233585253876579,0.964345282980965,-0.861857163690936,-0.607369752535337,-1.83395786176912,0.495065591337112,COLON,female,mt_reads
0.0369440139655127,1.73202719719208,NA,NA,0.386852741363594,0.0108613584801395,NA,NA,0.688071177648368,3.47655424308876,NA,NA,0.736650072781018,COLON,female,mtdna
0.536474379924726,0.553699999999998,0.611099999999998,0.282499999999998,0.474899999999999,0.412372598962082,0.331939745324898,0.861619368603798,0.538988326689091,1.44137894256519,1.59080128553654,0.735397419676112,1.23624861806792,COLON,male,mt_reads
0.28927293771818,0.729759613645932,NA,NA,-0.214745648676857,0.527667335325344,NA,NA,0.932324663196776,0.975289688032858,NA,NA,-0.300149215797541,COLON,male,mtdna
0.00597485115763118,0.295200000000002,0.541800000000002,0.128400000000002,0.0278000000000014,0.13276093475613,0.00285620374826068,0.756351543634994,0.998719662884497,2.15312945249463,3.95178027561513,0.936523786247672,0.20276761104117,SPLEEN,female,mt_reads
0.310366941265486,-0.0886728287570584,NA,NA,0.0623144150785615,0.496895625553267,NA,NA,0.693605058829912,-1.04002155110106,NA,NA,0.7308702737286,SPLEEN,female,mtdna
0.373716341720142,0.0757999999999992,0.123199999999999,0.0817999999999985,0.183199999999998,0.870441719537909,0.577444144479379,0.839238875740704,0.251280651197404,0.740773456261501,1.20400118484719,0.799409877601455,1.79036539824679,SPLEEN,male,mt_reads
0.00628242014080114,-0.22912216178577,NA,NA,0.167299461590972,0.00927200092204938,NA,NA,0.0498812798096419,-3.42889553393166,NA,NA,2.50369659664272,SPLEEN,male,mtdna
0.00578394021831185,0.0931999999999999,0.1038,0.0851000000000008,-0.0407999999999999,0.0442233487355104,0.0232094974274327,0.094235523377728,0.589245983918495,2.72594362032812,3.03597583465729,2.34668207356992,-1.19333154194622,TESTES,male,mt_reads
0.114550872040835,0.190400000000001,0.0557999999999996,-0.0865999999999989,0.1144,0.17745537209802,0.937830841858732,0.775238083558124,0.581459052242963,1.99382243402118,0.584324011651159,-0.906854111272223,1.19796894144969,LUNG,female,mt_reads
0.826959133943361,-0.0845355983557159,NA,NA,-0.0428171156766961,0.648196030270077,NA,NA,0.888691898292278,-0.80049373146445,NA,NA,-0.405448513587838,LUNG,female,mtdna
0.329084227790686,0.123894798574747,0.025409220784292,0.48807514183615,0.279784341902799,0.970528069869614,0.999932804056742,0.228781246643727,0.675967414533257,0.46860063679365,0.0961039299221768,1.84602037291813,1.05821327681844,LUNG,female,CL(72:8)>CL(18:2/18:2/18:2/18:2)
0.354420121505401,0.150180180678099,0.00329991456011758,0.494353232594496,0.174176775443425,0.950493492901588,0.99999998356142,0.249061258061909,0.919794762225043,0.545384835221151,0.0119837607764715,1.79526189862222,0.632529349383163,LUNG,female,CL(74:11)
0.957366805316579,0.0433617232681227,-0.0734814561523001,0.15869148275603,0.085043630325182,0.999568308655224,0.996627006246955,0.94513272062687,0.994118893701645,0.153722465083221,-0.260500499663957,0.562580176210431,0.301489781953012,LUNG,female,CL(72:7)
0.0151879221987645,-0.0346000000000006,0.0196000000000001,0.125,-0.196,0.964825558589243,0.995590019713153,0.254604916077971,0.037129804753823,-0.493165387815276,0.279365364195933,1.78166686349446,-2.79365364195932,LUNG,male,mt_reads
0.0347352589447385,-0.341221999791061,NA,NA,-0.114181136815694,0.0126285373615802,NA,NA,0.466944282486437,-3.25965065154404,NA,NA,-1.09075797352814,LUNG,male,mtdna
0.463386413260758,-0.102076837245472,-0.060294972397255,0.20441017296609,0.245571361460095,0.969839906803951,0.995635495877079,0.751168365990621,0.623946481289849,-0.47176502529978,-0.278663210440547,0.944715500823936,1.13494875701845,LUNG,male,CL(72:8)>CL(18:2/18:2/18:2/18:2)
0.324867714817023,-0.0788904369227641,-0.011684405723928,0.189344494823064,0.303213545402865,0.985955049910598,0.999991949706402,0.77039876995989,0.413179564151111,-0.380993070148861,-0.0564286088817404,0.914419329037948,1.46433793600178,LUNG,male,CL(74:11)
0.728741296181009,-0.17354162794183,-0.212764452484109,-0.00979365721763337,0.0473602679121026,0.861063524654701,0.76004013909143,0.999997320353061,0.998610015051825,-0.759177044407468,-0.930761628247496,-0.0428434366359348,0.207182729828417,LUNG,male,CL(72:7)
0.0100930626448067,-0.303799999999999,0.4722,-1.0558,0.766399999999998,0.880880155917186,0.634711907327207,0.0679002310403768,0.240499942900383,-0.720004857413389,1.11911222406387,-2.50224202915424,1.81636511758269,SMLINT,female,mt_reads
0.997529120309613,-0.0272000000000023,-0.246350000000001,-0.438400000000003,-0.163200000000001,0.999997655642244,0.989309822605338,0.904935312681556,0.997182920632255,-0.041716240801733,-0.356215298282706,-0.672367645863174,-0.250297444810378,SMLINT,male,mt_reads
0.719238041286582,0.315200000000003,0.347600000000003,0.175200000000001,0.187200000000002,0.657446242679491,0.582028700239023,0.931069429293784,0.914886354954175,1.08555155916739,1.19713744278738,0.603390333648877,0.644718438693324,LIVER,female,mt_reads
0.612626394184415,0.239289283701581,NA,NA,0.0912023541273292,0.300853655477191,NA,NA,0.814110905635919,1.4163841212924,NA,NA,0.539838492606854,LIVER,female,mtdna
0.186038110855704,-0.575754393254855,-0.692299356205484,-0.10443009819052,-0.28829917293866,0.242102247921051,0.126714505569369,0.991862105564739,0.774791010555062,-1.81231374763993,-2.17916468451175,-0.328716732056776,-0.907485137188832,LIVER,female,CL(70:7)
0.158935000672031,0.0767967280532549,0.257168750684461,0.199350931426576,-0.29238114192194,0.986792248674062,0.543965612903027,0.733161347413568,0.435645084709271,0.37456583899254,1.25430641779413,0.972307685191476,-1.42605017825296,LIVER,female,CL(72:6)>CL(18:1_18:1_18:2_18:2)
0.102515660517702,0.118626871651863,0.302410640963243,0.192010397146154,-0.318446866483226,0.946367873266152,0.437212792899437,0.777077329583168,0.393458438424182,0.558375473258433,1.42344379831402,0.903790978250416,-1.49892614804906,LIVER,female,CL(72:7)>CL(18:1_18:2_18:2_18:2)
0.204449020609813,0.226921026142975,0.404655093132455,0.391886681673672,-0.0335789077556647,0.720481411282077,0.260249073516475,0.284837520531115,0.999639885421541,0.991598757060837,1.76826050105935,1.71246513847275,-0.146733001167545,LIVER,female,CL(72:8)>CL(18:2/18:2/18:2/18:2)
0.133149688274918,-0.0496614225517105,0.202868869485385,0.138591607899676,-0.347452978670261,0.997774348927684,0.744263301150235,0.911508110792512,0.320904149252128,-0.23387337336227,0.955381952809218,0.652677373980739,-1.63628015532116,LIVER,female,CL(74:10)>CL(18:1_18:2_18:2_20:5)
0.0644605999215869,0.0500570884229647,0.312418509113751,0.258040707626827,-0.453831738240544,0.998947852904943,0.577550511161989,0.718802766694372,0.26866887330806,0.19286355345531,1.20370852023517,0.994197812476063,-1.74855558853711,LIVER,female,CL(74:9)
0.31086054291838,-0.601570492539084,-0.58954633264577,-0.234109998185028,-0.569448461956943,0.231151385561199,0.245828188895962,0.882876159300649,0.271908043068516,-1.83971389871913,-1.80294179245643,-0.715951701141863,-1.74147878438096,LIVER,female,CL(70:6)
0.123885207370474,0.136257645039073,0.349109644656018,0.169618267440394,-0.381210285699041,0.951735216350185,0.459689713030699,0.9023834943385,0.38482298514321,0.541254577782322,1.3867639739689,0.673772570348569,-1.51427695798753,LIVER,female,CL(74:11)>CL(18:2_18:2_18:2_20:5)
0.0851289989141685,-0.636465315558858,-0.860843997397573,-0.186587617369409,-0.230366573471461,0.176471789296998,0.0450913888613035,0.937474144226926,0.879640648720648,-1.99592618130405,-2.69956748690316,-0.585130252208232,-0.722419060471916,LIVER,female,CL(72:10)
0.0527047988785278,0.0582000000000003,0.408200000000001,0.3774,0.788649999999996,0.99610055102708,0.208237602987065,0.26482522083985,0.00869998291188778,0.272520330728824,1.9113882990293,1.76716791781886,3.48164084861903,LIVER,male,mt_reads
0.516113502590695,0.200229835771884,NA,NA,-0.00403428067677858,0.440547278690224,NA,NA,0.99965759134564,1.14666698114721,NA,NA,-0.021782030642114,LIVER,male,mtdna
0.379614927584244,-0.501997557640856,-0.466403367170809,-0.736729439948432,-0.751625023273055,0.429905318599804,0.492639432494382,0.144874879917792,0.167454497252892,-1.4437818810196,-1.34141037245744,-2.11888803126857,-2.03809748070211,LIVER,male,CL(70:7)
0.282306641455075,-0.0639952466917544,0.281216989497042,-0.309759878386118,-0.298254330375929,0.997362989787583,0.664764617520104,0.590838372403557,0.664892354208321,-0.246045504278087,1.08120805167988,-1.19094822541643,-1.08113073333602,LIVER,male,CL(72:6)>CL(18:1_18:1_18:2_18:2)
0.353474501411979,-0.0320285540108216,0.331314037395899,-0.266491598453852,-0.238370146064955,0.999847461293019,0.564690914435723,0.725994920674355,0.822329500206458,-0.118918994440409,1.23013771267352,-0.989458122406711,-0.834429207984733,LIVER,male,CL(72:7)>CL(18:1_18:2_18:2_18:2)
0.473482553338833,0.0319563989192222,0.422690116455072,0.0605724936642567,0.021821864124755,0.999851356025684,0.362688254300654,0.998164249287972,0.999974137759044,0.118186154873506,1.56325872928099,0.224018674174585,0.0760894343338576,LIVER,male,CL(72:8)>CL(18:2/18:2/18:2/18:2)
0.114339261290149,-0.0353562820080757,0.219216197099657,-0.41661635854957,-0.275928418734842,0.999419197435243,0.696117322000265,0.189746928566815,0.566400210734599,-0.16685876460333,1.03455854947458,-1.96615953242033,-1.22772925754299,LIVER,male,CL(74:10)>CL(18:1_18:2_18:2_20:5)
0.131259068124678,-0.0492484427698336,0.229248850298455,-0.485479491003595,-0.338131664580004,0.999135592759154,0.807584486220967,0.242572838977912,0.587962807289419,-0.184666290386598,0.859611642095201,-1.82039657743904,-1.1953764721523,LIVER,male,CL(74:9)
0.459275961601404,-0.496131314009235,-0.394810975618376,-0.8031272268651,-0.454329694221556,0.461520307130802,0.647353668127648,0.113197158346026,0.584079234300098,-1.39122313687032,-1.1071064221526,-2.2520835680298,-1.20114382764897,LIVER,male,CL(70:6)
0.470015804919353,0.0069272839873129,0.210162404693692,-0.0590654065702179,-0.110620914666448,0.999998465037088,0.626073632225385,0.992829105053552,0.945570717529779,0.0375316326912367,1.13864801745054,-0.320013030823048,-0.565061150194041,LIVER,male,CL(74:11)>CL(18:2_18:2_18:2_20:5)
0.172707248101896,-0.551600157345113,-0.559885833083421,-0.816801092490556,-0.809506190507712,0.294972378042659,0.283237131051266,0.0678763801195059,0.0939238195483315,-1.69910213806293,-1.7246246278135,-2.51600450823391,-2.35092631919888,LIVER,male,CL(72:10)
0.0153617245212436,0.696200000000005,-1.02439999999998,0.811250000000015,-4.81619999999998,0.977984238859883,0.919516652566813,0.968681366609928,0.0304550724701189,0.42014916036413,-0.618214306057171,0.464456928220489,-2.90652454200761,BAT,female,mt_reads
0.0319030090818632,-0.541377401112602,NA,NA,-0.558516263893425,0.0417280596453925,NA,NA,0.0458983192286694,-2.67127864737553,NA,NA,-2.61442476484378,BAT,female,mtdna
0.0076037439282205,-2.744,-2.1712,-4.46680000000001,-16.3238,0.579813776167924,0.747731084729821,0.190138306180105,7.36166767767443e-07,-1.2004630906978,-0.949870795380125,-1.95416491746682,-7.14144293000466,BAT,male,mt_reads
0.107528430135795,-0.147037505951504,NA,NA,-1.05871238680716,0.861652197997439,NA,NA,0.0119620230582903,-0.456832333520524,NA,NA,-3.28932436021949,BAT,male,mtdna
0.24712215305876,-0.494200000000001,-0.458800000000001,-0.149700000000002,-0.187200000000002,0.303565969884041,0.364319877085252,0.968702047090277,0.919779630885615,-1.6809972140384,-1.56058583933796,-0.4800757750481,-0.636751676382012,WATSC,female,mt_reads
0.511708577786543,-0.067216873188892,NA,NA,0.16665096292996,0.951422262833351,NA,NA,0.746736169622429,-0.261595740162454,NA,NA,0.64857497720755,WATSC,female,mtdna
0.117303117359,-0.279911625901487,0.132970096734672,-0.174635999798412,-0.713168248335401,0.716581717194969,0.969429814842607,0.937074661054849,0.062388522540206,-1.00370112134096,0.476801328875054,-0.590392709730914,-2.55726345146854,WATSC,female,CL(74:11)
0.33595887589529,-0.290517480722146,0.0603039284342755,0.437273311370928,-0.0430066371493565,0.815796997107281,0.999292202815178,0.584836532670655,0.999813441171417,-0.845556470980361,0.175515692847089,1.19990553916295,-0.125171608422153,WATSC,female,CL(72:7)
0.0631047244795766,-0.418685391017826,0.10773679196808,1.31840806543523,0.854164534793246,0.837379533875794,0.998626805038805,0.0856049530891571,0.319609008386739,-0.807976093794156,0.207909695919093,2.39874616595185,1.64836065237912,WATSC,female,CL(72:6)
0.148668177912031,0.191835615926472,0.0768642422195871,-0.242693472373903,0.431729330468382,0.884633226886701,0.995222433392011,0.810102933588633,0.336440810674024,0.717176774066368,0.287356698649891,-0.855418837531446,1.61401858043828,WATSC,female,CL(72:8)
0.979687028733429,-0.0996999999999986,-0.125799999999999,-0.0289999999999999,-0.120200000000001,0.984337990204122,0.956332920264556,0.999831518406558,0.962597532418341,-0.39528893182094,-0.529025246459831,-0.121953355702187,-0.505475632944932,WATSC,male,mt_reads
0.195370574295149,-0.594685363698289,NA,NA,-0.639348411431363,0.267661524922478,NA,NA,0.194219119575895,-1.5096993776449,NA,NA,-1.72153984079719,WATSC,male,mtdna
0.0104470885407847,0.792168596707468,0.742541753402566,-0.165249107355057,0.780037579365934,0.0377505151105789,0.0390743492562082,0.926296941622615,0.0290506996642461,2.8032942438476,2.78707209912136,-0.620249533987211,2.92780973427405,WATSC,male,CL(74:11)
0.0488307648378525,1.30560553857313,1.28420515922912,0.00765966301471366,0.889606535185312,0.0591810603441048,0.0474190927402687,0.999999948253073,0.22471177613263,2.58301741190976,2.69479679111024,0.0160731602460051,1.86676468252715,WATSC,male,CL(72:7)
0.0191543105996643,2.65371860598579,2.4484176598666,1.09979715139329,1.32757104857386,0.0106726082199903,0.0125085624529763,0.402055679085098,0.250980143333777,3.39311219813676,3.32051247015102,1.49153072030896,1.80043474365445,WATSC,male,CL(72:6)
0.161977010552065,-0.100240349433173,-0.468603542403663,0.0104538549219324,0.307241480340957,0.989837130125458,0.275590645470528,0.999998235276742,0.623872629346546,-0.3512570342595,-1.74166364577828,0.0388539510016894,1.14192759627923,WATSC,male,CL(72:8)
0.0310787612883483,0.2438,0.456999999999999,0.824300000000001,0.0820000000000003,0.594978586870837,0.119968843748626,0.00467881289813121,0.983852869175212,1.18483037586928,2.22094947404537,3.77686548200367,0.398507345452343,OVARY,female,mt_reads
